Subject,Movie,pupil_size,MEGA_score,memorysource,recognition_accuracy,what_accuracy,where_accuracy_liberal,when_accuracy
AM32,mov1,-0.056604754,0.168851862,event_memory,1,1,1,0
AM32,mov10,-0.017635215,0.129444013,event_memory,1,1,1,1
AM32,mov11,-0.057463607,0.142150215,scenery_memory,1,0,0,0
AM32,mov12,-0.069217066,-0.095838056,scenery_memory,1,0,0,0
AM32,mov13,0.013805671,0.213516541,event_memory,1,1,1,0
AM32,mov14,0.023711041,-0.041270631,scenery_memory,1,0,0,1
AM32,mov16,-0.058290343,0.074635672,event_memory,1,1,1,1
AM32,mov19,-0.084677918,-0.111753861,event_memory,1,1,1,1
AM32,mov20,-0.060279747,0.012521853,scenery_memory,1,1,0,0
AM32,mov22,-0.108850895,0.014999408,scenery_memory,1,1,0,1
AM32,mov24,-0.081280224,-0.049351109,scenery_memory,1,0,0,1
AM32,mov25,-0.021758194,0.350993665,event_memory,1,1,1,0
AM32,mov26,-0.073418345,0.052421245,scenery_memory,1,1,0,1
AM32,mov27,-0.208802337,0.320964329,event_memory,1,1,1,1
AM32,mov29,-0.261815794,0.16278978,scenery_memory,1,0,1,0
AM32,mov3,-0.124392792,0.269110036,event_memory,1,1,1,1
AM32,mov30,-0.064990383,0.176480307,event_memory,1,1,1,1
AM32,mov31,-0.064019081,0.242941906,event_memory,1,1,1,0
AM32,mov33,-0.027093774,0.16944766,scenery_memory,1,0,0,0
AM32,mov35,-0.098031098,-0.256528547,scenery_memory,1,1,0,1
AM32,mov36,-0.052200435,-0.059423342,event_memory,1,1,1,1
AM32,mov37,-0.034074146,0.155258763,event_memory,1,1,1,0
AM32,mov38,-0.08045939,0.272215789,no_memory,0,1,1,1
AM32,mov39,-0.118196158,0.285601666,scenery_memory,1,0,0,0
AM32,mov4,-0.08870781,0.164445072,scenery_memory,1,0,1,0
AM32,mov40,-0.190803221,0.172371847,scenery_memory,1,0,1,0
AM32,mov41,-0.180569947,0.263784456,event_memory,1,1,1,1
AM32,mov42,0.066166192,-0.003058901,no_memory,0,1,1,0
AM32,mov43,-0.012952857,-0.097262725,no_memory,0,1,0,0
AM32,mov44,-0.05875742,-0.036980827,scenery_memory,1,0,1,0
AM32,mov45,-0.104119825,-0.082878231,scenery_memory,1,0,0,1
AM32,mov46,-0.172218983,-0.046762636,scenery_memory,1,1,0,0
AM32,mov47,0.064333172,-0.007184469,event_memory,1,1,1,0
AM32,mov48,-0.081201132,-0.068159556,scenery_memory,1,0,0,1
AM32,mov5,0.063025081,0.253004769,scenery_memory,1,1,0,0
AM32,mov50,-0.150628786,0.192290578,event_memory,1,1,1,1
AM32,mov51,0.107361963,5.85490761642824e-05,event_memory,1,1,1,1
AM32,mov52,-0.113336208,0.351681527,event_memory,1,1,1,1
AM32,mov53,-0.024865305,0.297725533,event_memory,1,1,1,1
AM32,mov54,-0.071502567,0.091128592,scenery_memory,1,1,0,0
AM32,mov56,-0.188452689,0.046322426,event_memory,1,1,1,1
AM32,mov57,-0.093124088,0.109215017,event_memory,1,1,1,1
AM32,mov58,-0.154784492,-0.012416522,scenery_memory,1,1,0,1
AM32,mov59,-0.000552304,0.123596531,event_memory,1,1,1,1
AM32,mov6,-0.049557004,0.147522221,scenery_memory,1,0,0,0
AM32,mov60,-0.13475973,0.107184583,scenery_memory,1,1,0,0
AM32,mov8,0.016370722,0.137900225,scenery_memory,1,1,0,1
AM32,mov9,0.010884812,0.163242653,scenery_memory,1,0,0,0
AP21,mov1,-0.051264393,0.060499154,event_memory,1,1,1,1
AP21,mov10,0.003655245,0.02816049,no_memory,0,0,0,1
AP21,mov11,0.079612624,0.090155792,scenery_memory,1,0,1,1
AP21,mov12,0.048904297,0.008551071,scenery_memory,1,0,1,0
AP21,mov13,-0.083715179,0.030030155,event_memory,1,1,1,1
AP21,mov14,0.003749033,-0.136420413,no_memory,0,1,1,0
AP21,mov16,-0.039665702,0.022116422,event_memory,1,1,1,0
AP21,mov19,-0.120267806,0.021432585,scenery_memory,1,0,0,1
AP21,mov20,-0.026801782,0.062853398,event_memory,1,1,1,0
AP21,mov22,-0.079685735,0.020553914,scenery_memory,1,1,0,0
AP21,mov24,0.027457829,0.062449386,no_memory,0,0,0,1
AP21,mov25,-0.030829826,0.26172343,no_memory,0,1,1,1
AP21,mov26,-0.005848763,-0.053098521,no_memory,0,1,0,1
AP21,mov27,-0.038182383,0.425400296,event_memory,1,1,1,0
AP21,mov29,0.036170264,0.155970073,no_memory,0,1,0,0
AP21,mov3,-0.026482337,0.308837231,scenery_memory,1,0,1,1
AP21,mov30,-0.036015255,-0.025686209,event_memory,1,1,1,0
AP21,mov31,0.001882644,0.178964256,scenery_memory,1,0,1,1
AP21,mov33,-0.060208572,0.04208166,no_memory,0,0,0,0
AP21,mov35,-0.039030389,-0.011861091,no_memory,0,1,0,0
AP21,mov36,0.024071321,0.111879244,no_memory,0,0,0,1
AP21,mov37,-0.006819859,0.075011999,event_memory,1,1,1,1
AP21,mov38,-0.0244239,0.151409331,event_memory,1,1,1,0
AP21,mov39,-0.019984228,-0.000252016,scenery_memory,1,1,0,1
AP21,mov4,-0.036646315,0.231261499,scenery_memory,1,1,0,0
AP21,mov40,-0.06051266,0.279795828,event_memory,1,1,1,0
AP21,mov41,-0.039306657,0.240487545,event_memory,1,1,1,0
AP21,mov42,-0.004045627,0.00711088,no_memory,0,0,0,0
AP21,mov43,0.052505004,0.831434542,event_memory,1,1,1,1
AP21,mov44,-0.060622892,-0.119723276,scenery_memory,1,1,0,0
AP21,mov45,-0.034348814,0.070691293,no_memory,0,1,0,1
AP21,mov46,-0.015184057,-0.136420102,event_memory,1,1,1,0
AP21,mov47,-0.000437905,0.253073092,scenery_memory,1,0,0,0
AP21,mov48,-0.071671785,0.174292636,event_memory,1,1,1,1
AP21,mov5,-0.086394186,0.021535586,event_memory,1,1,1,1
AP21,mov50,-0.032837165,-0.061028432,event_memory,1,1,1,0
AP21,mov51,-0.076925291,0.126840936,no_memory,0,1,1,0
AP21,mov52,0.048284486,0.286559167,scenery_memory,1,0,0,1
AP21,mov53,-0.022156692,-0.093920991,scenery_memory,1,1,0,1
AP21,mov54,-0.079188282,0.043004443,scenery_memory,1,0,1,1
AP21,mov56,-0.049108134,0.136271212,event_memory,1,1,1,0
AP21,mov57,0.053026718,0.239060042,no_memory,0,0,1,0
AP21,mov58,-0.009828461,0.072249471,no_memory,0,1,0,0
AP21,mov59,-0.011479831,0.127261785,scenery_memory,1,0,1,1
AP21,mov6,-0.046293286,0.068844071,scenery_memory,1,1,0,1
AP21,mov60,-0.02796988,0.352016889,scenery_memory,1,0,0,1
AP21,mov8,-0.073366951,0.077528488,scenery_memory,1,1,0,1
AP21,mov9,-0.042787895,0.087453888,scenery_memory,1,0,1,1
AW35,mov1,-0.185464421,0.350398202,event_memory,1,1,1,0
AW35,mov10,-0.159541491,0.149797532,scenery_memory,1,0,0,1
AW35,mov11,-0.046264914,-0.221460086,event_memory,1,1,1,1
AW35,mov12,-0.080642775,0.183126611,event_memory,1,1,1,1
AW35,mov13,-0.210241075,0.253923205,scenery_memory,1,0,0,0
AW35,mov14,-0.102497466,0.08280678,event_memory,1,1,1,0
AW35,mov16,-0.045231698,-0.100075421,event_memory,1,1,1,1
AW35,mov19,-0.027974257,0.002173293,scenery_memory,1,0,0,1
AW35,mov20,-0.191111093,0.014131297,event_memory,1,1,1,1
AW35,mov22,-0.108779035,0.077088179,scenery_memory,1,1,0,1
AW35,mov24,-0.073293468,-0.050792002,no_memory,0,1,0,0
AW35,mov25,-0.06609347,0.244842539,event_memory,1,1,1,0
AW35,mov26,-0.168608349,0.136378205,scenery_memory,1,1,0,0
AW35,mov27,-0.149412514,0.071524753,event_memory,1,1,1,1
AW35,mov29,-0.127485109,0.120240129,event_memory,1,1,1,0
AW35,mov3,-0.146100305,0.22136882,event_memory,1,1,1,1
AW35,mov30,-0.142674756,0.031504164,event_memory,1,1,1,0
AW35,mov31,-0.062138827,0.123059957,event_memory,1,1,1,1
AW35,mov33,-0.129891674,0.191891417,scenery_memory,1,1,0,0
AW35,mov35,-0.103071434,0.017032599,no_memory,0,0,0,0
AW35,mov36,-0.054833108,0.13468823,event_memory,1,1,1,1
AW35,mov37,-0.091529897,0.192266007,scenery_memory,1,0,0,1
AW35,mov38,-0.124013236,0.105892671,scenery_memory,1,1,0,0
AW35,mov39,-0.148926419,0.049352334,scenery_memory,1,1,0,1
AW35,mov4,-0.19039559,0.25398645,scenery_memory,1,1,0,1
AW35,mov40,-0.193294159,0.245333036,scenery_memory,1,1,0,1
AW35,mov41,-0.171251348,0.232762024,event_memory,1,1,1,1
AW35,mov42,-0.094335553,-0.018937865,no_memory,0,1,1,1
AW35,mov43,-0.114815957,0.046593093,scenery_memory,1,1,0,1
AW35,mov44,-0.156684313,0.233562816,event_memory,1,1,1,0
AW35,mov45,-0.166789388,0.281194995,event_memory,1,1,1,1
AW35,mov46,0.012470824,0.135935291,event_memory,1,1,1,1
AW35,mov47,-0.171632437,0.132479334,event_memory,1,1,1,0
AW35,mov48,-0.231875433,0.208420652,event_memory,1,1,1,1
AW35,mov5,-0.160987918,0.497717752,scenery_memory,1,1,0,0
AW35,mov50,-0.149683485,-0.029716846,event_memory,1,1,1,1
AW35,mov51,0.025451605,0.192058879,event_memory,1,1,1,1
AW35,mov52,-0.143161469,0.088099031,event_memory,1,1,1,0
AW35,mov53,-0.179625281,0.181823579,scenery_memory,1,0,0,0
AW35,mov54,-0.108001768,0.019994607,event_memory,1,1,1,1
AW35,mov56,-0.13163727,-0.139498621,event_memory,1,1,1,0
AW35,mov57,-0.132974998,0.212824236,event_memory,1,1,1,1
AW35,mov58,-0.14841897,0.05737737,scenery_memory,1,0,0,1
AW35,mov59,-0.159195031,0.116003293,scenery_memory,1,0,1,1
AW35,mov6,-0.036627152,0.053648336,scenery_memory,1,1,0,0
AW35,mov60,0.047667328,-0.077757486,scenery_memory,1,0,0,1
AW35,mov8,-0.138873417,-0.139092357,scenery_memory,1,0,0,0
AW35,mov9,-0.050543916,0.122731625,scenery_memory,1,1,0,0
BP55,mov1,-0.14722817,0.039586391,scenery_memory,1,0,1,0
BP55,mov10,-0.046744262,0.211668012,event_memory,1,1,1,0
BP55,mov11,-0.044781579,0.143840902,event_memory,1,1,1,0
BP55,mov12,-0.149338937,0.187310327,scenery_memory,1,1,0,1
BP55,mov13,-0.067045675,0.176106259,event_memory,1,1,1,1
BP55,mov14,-0.128268589,-0.251411208,event_memory,1,1,1,1
BP55,mov16,-0.056685314,0.041078342,no_memory,0,1,0,1
BP55,mov19,-0.086428721,0.052061806,scenery_memory,1,0,0,1
BP55,mov20,-0.087032852,0.086366991,scenery_memory,1,0,1,0
BP55,mov22,-0.115942714,0.100518473,no_memory,0,0,0,0
BP55,mov24,-0.187585674,-0.230709341,event_memory,1,1,1,0
BP55,mov25,-0.161677616,0.325277147,event_memory,1,1,1,1
BP55,mov26,-0.044278111,0.003674426,no_memory,0,1,0,0
BP55,mov27,-0.052913653,0.29411969,no_memory,0,1,0,1
BP55,mov29,-0.125483976,0.124987102,scenery_memory,1,0,1,0
BP55,mov3,-0.182752625,-0.086820545,no_memory,0,1,1,0
BP55,mov30,0.056495399,0.084966523,no_memory,0,1,1,1
BP55,mov31,-0.262855227,-0.186907225,event_memory,1,1,1,0
BP55,mov33,-0.063115588,0.162805201,no_memory,0,1,1,0
BP55,mov35,-0.128864066,-0.129872668,no_memory,0,1,0,0
BP55,mov36,-0.09107721,0.383410586,event_memory,1,1,1,0
BP55,mov37,0.013650049,0.291143502,event_memory,1,1,1,1
BP55,mov38,-0.049186735,0.076689677,scenery_memory,1,0,1,1
BP55,mov39,-0.144778831,0.279014543,scenery_memory,1,0,0,0
BP55,mov4,-0.104959294,0.043754538,scenery_memory,1,1,0,0
BP55,mov40,-0.060271738,0.016598599,no_memory,0,0,1,0
BP55,mov41,-0.064997206,0.295508197,scenery_memory,1,1,0,1
BP55,mov42,-0.184339979,0.033093348,event_memory,1,1,1,0
BP55,mov43,-0.02080925,0.610520122,scenery_memory,1,1,0,1
BP55,mov44,0.022346096,-0.140322129,no_memory,0,0,0,1
BP55,mov45,-0.096206579,0.101966076,scenery_memory,1,0,1,1
BP55,mov46,-0.169761793,0.073607228,scenery_memory,1,1,0,1
BP55,mov47,-0.032623731,0.161051171,event_memory,1,1,1,0
BP55,mov48,-0.119245868,-0.038654979,no_memory,0,0,0,1
BP55,mov5,-0.075360042,0.064351952,scenery_memory,1,1,0,0
BP55,mov50,-0.042911358,0.159129764,scenery_memory,1,1,0,0
BP55,mov51,-0.064524722,0.298176395,event_memory,1,1,1,1
BP55,mov52,-0.189149617,0.344669202,event_memory,1,1,1,1
BP55,mov53,-0.116446894,0.251413492,no_memory,0,0,0,1
BP55,mov54,-0.058430807,-0.065318343,scenery_memory,1,0,1,0
BP55,mov56,-0.066890824,0.181864389,event_memory,1,1,1,0
BP55,mov57,-0.136019115,0.174205829,event_memory,1,1,1,1
BP55,mov58,0.006215683,0.126627196,scenery_memory,1,1,0,0
BP55,mov59,-0.034038706,0.153050167,event_memory,1,1,1,0
BP55,mov6,-0.210337857,0.143032768,scenery_memory,1,0,0,1
BP55,mov60,-0.080731644,-0.19294692,scenery_memory,1,0,0,1
BP55,mov8,-0.099845614,0.141646326,scenery_memory,1,1,0,0
BP55,mov9,-0.139313663,0.049015723,scenery_memory,1,0,1,1
CD91,mov1,-0.03788435,0.035287809,no_memory,0,1,1,1
CD91,mov10,-0.102110741,-0.020530258,event_memory,1,1,1,0
CD91,mov11,0.131531793,0.09289299,event_memory,1,1,1,1
CD91,mov12,0.077202845,0.070690249,scenery_memory,1,0,0,1
CD91,mov13,0.029588455,0.071213961,no_memory,0,1,0,1
CD91,mov14,-0.068970934,0.101539109,scenery_memory,1,0,1,0
CD91,mov16,-0.041797069,-0.070762795,no_memory,0,1,1,1
CD91,mov19,-0.003995228,-0.023240224,scenery_memory,1,0,0,1
CD91,mov20,-0.137704347,0.188758819,scenery_memory,1,1,0,1
CD91,mov22,-0.045979272,0.205301923,scenery_memory,1,1,0,1
CD91,mov24,-0.027579772,-0.012412409,no_memory,0,0,0,1
CD91,mov25,-0.05494337,0.52232507,event_memory,1,1,1,1
CD91,mov26,-0.014261455,-0.114107266,no_memory,0,1,0,0
CD91,mov27,-0.081276102,0.54635255,event_memory,1,1,1,0
CD91,mov29,-0.103422177,-0.143243821,scenery_memory,1,0,1,1
CD91,mov3,-0.03577911,0.280373956,event_memory,1,1,1,0
CD91,mov30,0.043625343,0.132816568,no_memory,0,1,1,0
CD91,mov31,-0.048430058,0.023367685,event_memory,1,1,1,1
CD91,mov33,-0.070273861,-0.038440077,no_memory,0,0,0,1
CD91,mov35,-0.088886839,0.098733404,scenery_memory,1,1,0,0
CD91,mov36,-0.069731017,0.043374871,scenery_memory,1,0,0,0
CD91,mov37,0.086008172,0.123687608,scenery_memory,1,0,1,1
CD91,mov38,0.000755065,0.135959026,scenery_memory,1,0,0,0
CD91,mov39,-0.100285607,0.121827948,scenery_memory,1,1,0,1
CD91,mov4,-0.147734891,0.040619019,no_memory,0,0,0,1
CD91,mov40,0.00427427,0.06419487,event_memory,1,1,1,0
CD91,mov41,-0.012605219,0.075800993,no_memory,0,1,0,1
CD91,mov42,-0.124784779,0.077146702,event_memory,1,1,1,0
CD91,mov43,-0.060086346,0.691047898,event_memory,1,1,1,0
CD91,mov44,-0.044323877,0.007730311,event_memory,1,1,1,0
CD91,mov45,-0.003740886,0.383940229,event_memory,1,1,1,1
CD91,mov46,-0.127499659,-0.117433235,no_memory,0,0,0,0
CD91,mov47,-0.098489506,-0.117718499,event_memory,1,1,1,0
CD91,mov48,-0.022509367,-0.026770988,event_memory,1,1,1,1
CD91,mov5,-0.093484079,0.349834478,scenery_memory,1,0,1,0
CD91,mov50,-0.036041129,0.018638402,scenery_memory,1,1,0,1
CD91,mov51,-0.089294336,-0.256204083,no_memory,0,1,1,1
CD91,mov52,-0.138291692,0.138559447,no_memory,0,0,0,1
CD91,mov53,0.021383639,0.077640271,scenery_memory,1,0,0,1
CD91,mov54,-0.055990114,0.094068953,scenery_memory,1,0,1,1
CD91,mov56,-0.000161766,0.005143112,no_memory,0,1,1,0
CD91,mov57,-0.110144991,0.234699252,scenery_memory,1,0,1,0
CD91,mov58,0.090221315,-0.078004922,scenery_memory,1,1,0,1
CD91,mov59,-0.043952823,0.063718326,no_memory,0,0,1,1
CD91,mov6,0.029608832,-0.034395498,scenery_memory,1,0,0,1
CD91,mov60,-0.031005769,-0.182729628,scenery_memory,1,0,0,1
CD91,mov8,-0.124834515,-0.000248469,scenery_memory,1,1,0,0
CD91,mov9,-0.105716686,0.176276735,scenery_memory,1,0,0,0
CG62,mov1,-0.141507145,0.321229367,event_memory,1,1,1,1
CG62,mov10,-0.054126738,0.135290368,no_memory,0,0,0,1
CG62,mov11,-0.0441534,-0.146346645,scenery_memory,1,0,0,0
CG62,mov12,-0.108861154,0.110824862,event_memory,1,1,1,1
CG62,mov13,-0.081443906,0.361742598,no_memory,0,1,1,0
CG62,mov14,-0.155165141,0.070907665,scenery_memory,1,0,0,1
CG62,mov16,0.007672539,0.104190231,scenery_memory,1,0,0,1
CG62,mov19,-0.180437392,-0.061010982,scenery_memory,1,0,0,1
CG62,mov20,-0.013791176,-0.11542849,scenery_memory,1,0,0,1
CG62,mov22,-0.269199655,0.115816137,no_memory,0,0,0,0
CG62,mov24,-0.051088061,0.067244453,no_memory,0,1,0,0
CG62,mov25,-0.029131537,-0.215055004,no_memory,0,1,0,1
CG62,mov26,-0.146113388,0.193626701,no_memory,0,0,0,1
CG62,mov27,-0.138686865,0.314863789,event_memory,1,1,1,1
CG62,mov29,-0.12014392,0.093994707,event_memory,1,1,1,1
CG62,mov3,-0.027101526,-0.173614796,event_memory,1,1,1,1
CG62,mov30,-0.086071558,-0.011971376,scenery_memory,1,0,0,1
CG62,mov31,-0.023410593,-0.024191265,event_memory,1,1,1,1
CG62,mov33,-0.080715207,-0.142689467,scenery_memory,1,1,0,1
CG62,mov35,-0.101595812,-0.222271343,no_memory,0,1,0,1
CG62,mov36,-0.019334257,0.289638939,event_memory,1,1,1,1
CG62,mov37,0.046306213,0.198833507,no_memory,0,1,1,1
CG62,mov38,-0.01465504,0.157356812,no_memory,0,1,1,1
CG62,mov39,-0.077020497,0.20266466,scenery_memory,1,0,0,0
CG62,mov4,-0.018600634,-0.083591598,scenery_memory,1,0,0,0
CG62,mov40,-0.035494108,0.064519565,no_memory,0,1,0,0
CG62,mov41,-0.003833793,-0.114893343,no_memory,0,0,0,1
CG62,mov42,0.168168367,0.532034515,event_memory,1,1,1,1
CG62,mov43,-0.110129802,0.09416776,no_memory,0,0,0,0
CG62,mov44,-0.073189997,0.096767051,scenery_memory,1,1,0,1
CG62,mov45,0.039984592,0.151043426,event_memory,1,1,1,1
CG62,mov46,0.01345834,0.056689602,no_memory,0,1,1,1
CG62,mov47,-0.045228043,-0.063173961,no_memory,0,1,0,0
CG62,mov48,-0.077506666,0.125502113,scenery_memory,1,1,0,0
CG62,mov5,-0.182566122,-0.079477674,no_memory,0,1,1,0
CG62,mov50,-0.100501676,0.097896042,no_memory,0,1,1,1
CG62,mov51,-0.021922323,0.108243016,no_memory,0,1,1,1
CG62,mov52,-0.117928444,0.575124234,event_memory,1,1,1,0
CG62,mov53,-0.096820286,0.078036374,event_memory,1,1,1,0
CG62,mov54,-0.122944407,0.153484516,event_memory,1,1,1,1
CG62,mov56,0.027018799,-0.1154255,no_memory,0,1,1,1
CG62,mov57,0.02827279,0.217970643,no_memory,0,1,1,0
CG62,mov58,-0.372051564,0.122977306,scenery_memory,1,1,0,1
CG62,mov59,-0.028523649,0.117678858,no_memory,0,1,1,1
CG62,mov6,-0.024006173,-0.028572213,scenery_memory,1,1,0,0
CG62,mov60,0.023906128,0.206531699,no_memory,0,0,0,0
CG62,mov8,-0.065565876,-0.075165088,scenery_memory,1,0,0,0
CG62,mov9,-0.340507562,-0.142986785,scenery_memory,1,0,0,0
ET81,mov1,-0.032821179,0.180262556,event_memory,1,1,1,1
ET81,mov10,-0.021621965,-0.12689979,no_memory,0,0,0,0
ET81,mov11,-0.085207529,0.181349608,event_memory,1,1,1,1
ET81,mov12,0.004029614,0.06990965,no_memory,0,0,0,1
ET81,mov13,-0.128737329,-0.060792101,scenery_memory,1,1,0,1
ET81,mov14,-0.002977205,0.051915131,scenery_memory,1,0,0,0
ET81,mov16,-0.1562684,0.003649716,no_memory,0,0,1,1
ET81,mov19,-0.064523913,0.103419947,scenery_memory,1,1,0,0
ET81,mov20,-0.06670696,-0.162898198,scenery_memory,1,1,0,1
ET81,mov22,-0.099987419,0.137229384,no_memory,0,0,1,1
ET81,mov24,0.003213463,0.010341552,scenery_memory,1,1,0,0
ET81,mov25,-0.120112626,0.282526994,event_memory,1,1,1,0
ET81,mov26,-0.167621293,-0.146785287,scenery_memory,1,1,0,0
ET81,mov27,-0.135043311,0.010754845,scenery_memory,1,1,0,1
ET81,mov29,-0.150675602,0.235662176,event_memory,1,1,1,1
ET81,mov3,0.036344392,0.415514223,no_memory,0,0,0,0
ET81,mov30,-0.146832628,0.297028213,event_memory,1,1,1,1
ET81,mov31,-0.039116714,0.057777026,event_memory,1,1,1,0
ET81,mov33,0.125471523,-0.190739763,no_memory,0,0,0,0
ET81,mov35,0.073142722,0.02557753,no_memory,0,1,0,0
ET81,mov36,0.014565118,0.281493853,event_memory,1,1,1,0
ET81,mov37,0.134850124,-0.045107087,scenery_memory,1,1,0,0
ET81,mov38,-0.083330769,0.256556469,scenery_memory,1,1,0,1
ET81,mov39,-0.212598608,-0.050075471,scenery_memory,1,0,0,0
ET81,mov4,0.015043028,0.089823319,scenery_memory,1,0,0,0
ET81,mov40,-0.013750274,-0.21301234,event_memory,1,1,1,0
ET81,mov41,-0.031988866,0.06437865,scenery_memory,1,1,0,1
ET81,mov42,-0.052634554,-0.122572934,no_memory,0,1,1,1
ET81,mov43,-0.000872808,0.631787311,scenery_memory,1,1,0,1
ET81,mov44,0.080312285,-0.210768441,event_memory,1,1,1,1
ET81,mov45,-0.138528679,-0.545838424,no_memory,0,0,0,0
ET81,mov46,-0.023844257,-0.161107673,event_memory,1,1,1,1
ET81,mov47,-0.027824049,-0.013827465,event_memory,1,1,1,1
ET81,mov48,-0.000496966,-0.037504487,event_memory,1,1,1,0
ET81,mov5,-0.055890894,0.555911779,event_memory,1,1,1,1
ET81,mov50,0.083530776,0.028619489,no_memory,0,0,0,0
ET81,mov51,-0.041575495,0.210197139,scenery_memory,1,1,0,0
ET81,mov52,-0.271261397,-0.234048021,scenery_memory,1,0,0,1
ET81,mov53,-0.138715424,-0.266794925,scenery_memory,1,0,0,0
ET81,mov54,-0.05907061,-0.022803,event_memory,1,1,1,1
ET81,mov56,-0.024402772,0.138845949,no_memory,0,1,1,1
ET81,mov57,0.072061539,0.049031871,scenery_memory,1,0,0,1
ET81,mov58,-0.008793311,0.154347082,scenery_memory,1,1,0,1
ET81,mov59,0.122624907,0.256960168,no_memory,0,0,0,0
ET81,mov6,-0.130347608,0.15829214,scenery_memory,1,0,0,0
ET81,mov60,-0.001637792,-0.051932569,no_memory,0,0,0,1
ET81,mov8,-0.103282866,0.13744348,event_memory,1,1,1,1
ET81,mov9,-0.094655945,-0.109390922,scenery_memory,1,1,0,0
GH44,mov1,-0.067553932,0.029901244,scenery_memory,1,0,0,1
GH44,mov10,-0.029601928,0.023536548,scenery_memory,1,1,0,1
GH44,mov11,-0.040606847,-0.050463149,event_memory,1,1,1,1
GH44,mov12,0.000115031,0.148442109,scenery_memory,1,0,0,0
GH44,mov13,-0.051220908,0.073507923,scenery_memory,1,1,0,1
GH44,mov14,0.023031491,0.002327632,scenery_memory,1,0,1,0
GH44,mov16,0.054989785,0.066250597,scenery_memory,1,0,0,0
GH44,mov19,-0.034454221,0.033329352,scenery_memory,1,0,0,0
GH44,mov20,-0.017469249,0.015066462,scenery_memory,1,0,0,0
GH44,mov22,0.018809299,0.051915097,no_memory,0,1,0,1
GH44,mov24,-0.026042331,0.108555893,no_memory,0,0,0,1
GH44,mov25,0.001844333,0.235412321,scenery_memory,1,0,0,0
GH44,mov26,0.131317714,-0.056075867,no_memory,0,1,0,0
GH44,mov27,-0.028472833,0.283728717,event_memory,1,1,1,1
GH44,mov29,0.010454775,0.133659637,event_memory,1,1,1,0
GH44,mov3,-0.034265064,-0.080508206,no_memory,0,1,0,1
GH44,mov30,0.009476567,0.059538108,event_memory,1,1,1,0
GH44,mov31,0.013239871,0.109462525,no_memory,0,0,1,0
GH44,mov33,0.012991618,-0.064795038,no_memory,0,1,0,1
GH44,mov35,-0.030192865,-0.190677424,no_memory,0,1,0,1
GH44,mov36,-0.005022238,-0.262219465,no_memory,0,1,1,1
GH44,mov37,0.045074773,0.092517524,scenery_memory,1,0,0,1
GH44,mov38,-0.034269163,0.128516757,event_memory,1,1,1,1
GH44,mov39,-0.065333356,0.093942113,scenery_memory,1,0,0,0
GH44,mov4,-0.039342248,0.031584759,no_memory,0,1,1,1
GH44,mov40,0.039643062,0.114373608,no_memory,0,1,1,1
GH44,mov41,-0.022414591,0.142504283,no_memory,0,0,1,1
GH44,mov42,-0.054489372,-0.068075762,no_memory,0,0,0,0
GH44,mov43,0.03567089,-0.053887938,no_memory,0,0,0,1
GH44,mov44,0.003973261,-0.053659984,scenery_memory,1,1,0,1
GH44,mov45,-0.090813449,0.013048176,scenery_memory,1,1,0,0
GH44,mov46,-0.051574948,0.064411006,no_memory,0,0,0,0
GH44,mov47,0.002223922,0.205941084,scenery_memory,1,0,0,0
GH44,mov48,-0.052683133,-0.232713893,event_memory,1,1,1,0
GH44,mov5,0.006445726,0.253699386,event_memory,1,1,1,0
GH44,mov50,-0.002741087,0.011995844,event_memory,1,1,1,0
GH44,mov51,-0.102293283,-0.009086136,no_memory,0,1,1,1
GH44,mov52,-0.070114577,0.253598415,event_memory,1,1,1,1
GH44,mov53,-0.02786681,0.057901604,no_memory,0,0,0,0
GH44,mov54,-0.041286524,-0.019940517,scenery_memory,1,0,0,1
GH44,mov56,-0.053673098,0.06924476,no_memory,0,1,1,1
GH44,mov57,-0.020292806,0.196387342,no_memory,0,0,0,1
GH44,mov58,0.004096221,0.366465415,event_memory,1,1,1,1
GH44,mov59,-0.026020307,0.197076668,scenery_memory,1,0,0,0
GH44,mov6,0.046284984,0.128672983,scenery_memory,1,0,0,1
GH44,mov60,0.081088273,-0.06246754,no_memory,0,0,0,1
GH44,mov8,-0.098740758,0.241603774,scenery_memory,1,1,0,1
GH44,mov9,-0.06151279,0.052166141,no_memory,0,1,1,0
KE46,mov1,0.144460709,-0.003707197,no_memory,0,0,0,0
KE46,mov10,-0.016597036,-0.093998122,scenery_memory,1,0,0,1
KE46,mov11,0.042764189,-0.056509366,no_memory,0,0,1,0
KE46,mov12,-0.020416856,0.131332066,scenery_memory,1,1,0,1
KE46,mov13,0.05976193,-0.152707174,no_memory,0,1,1,0
KE46,mov14,0.088767976,-0.22106679,scenery_memory,1,0,0,0
KE46,mov16,-0.116654224,-0.119320937,scenery_memory,1,0,0,1
KE46,mov19,0.043576379,0.012879313,no_memory,0,0,0,0
KE46,mov20,0.051609763,0.208670412,scenery_memory,1,0,1,1
KE46,mov22,0.011936067,0.175645236,scenery_memory,1,0,1,0
KE46,mov24,0.062918899,0.263816607,scenery_memory,1,0,0,0
KE46,mov25,0.014558345,0.397402542,event_memory,1,1,1,1
KE46,mov26,-0.060603092,-0.101932176,scenery_memory,1,1,0,1
KE46,mov27,-0.025971309,0.103666228,event_memory,1,1,1,1
KE46,mov29,0.089454746,0.152263456,event_memory,1,1,1,1
KE46,mov3,-0.015273846,0.059227246,event_memory,1,1,1,1
KE46,mov30,-0.053183107,-0.039066377,event_memory,1,1,1,1
KE46,mov31,0.016592779,-0.010837162,event_memory,1,1,1,0
KE46,mov33,-0.095233554,0.092282243,scenery_memory,1,0,0,1
KE46,mov35,-0.045527888,-0.067317353,scenery_memory,1,1,0,1
KE46,mov36,-0.137605215,0.048964996,event_memory,1,1,1,1
KE46,mov37,0.099642387,0.345779006,no_memory,0,0,1,1
KE46,mov38,0.138214338,0.271417883,event_memory,1,1,1,0
KE46,mov39,-0.049366845,0.168620788,scenery_memory,1,0,0,0
KE46,mov4,-0.088246177,0.181046746,scenery_memory,1,1,0,1
KE46,mov40,0.061439631,0.186789088,no_memory,0,0,0,0
KE46,mov41,0.037210956,0.202217699,scenery_memory,1,1,0,0
KE46,mov42,-0.042940408,0.133433654,no_memory,0,1,1,1
KE46,mov43,0.024925078,0.048629618,scenery_memory,1,1,0,0
KE46,mov44,-0.04941038,0.054759775,scenery_memory,1,0,0,1
KE46,mov45,-0.110629356,0.176845326,event_memory,1,1,1,1
KE46,mov46,-0.108433561,0.048202689,scenery_memory,1,1,0,1
KE46,mov47,0.026437365,0.347766891,event_memory,1,1,1,1
KE46,mov48,0.009737693,0.157199654,scenery_memory,1,0,0,0
KE46,mov5,-0.009954762,0.118009002,event_memory,1,1,1,0
KE46,mov50,0.026068766,-0.006288488,scenery_memory,1,0,1,1
KE46,mov51,0.053788189,0.012051239,scenery_memory,1,1,0,1
KE46,mov52,-0.023579804,0.316121597,scenery_memory,1,1,0,0
KE46,mov53,0.099387195,0.021044487,event_memory,1,1,1,1
KE46,mov54,0.067254949,-0.145290833,no_memory,0,0,0,0
KE46,mov56,0.075415409,0.288010042,no_memory,0,0,0,1
KE46,mov57,-0.038765525,-0.079934998,event_memory,1,1,1,1
KE46,mov58,0.116644572,-0.00880754,no_memory,0,0,0,1
KE46,mov59,0.201545255,-0.034568028,scenery_memory,1,0,1,0
KE46,mov6,-0.011923634,-0.011825423,scenery_memory,1,0,1,0
KE46,mov60,0.150675691,-0.194632621,scenery_memory,1,0,0,0
KE46,mov8,-0.073367057,0.013504605,scenery_memory,1,1,0,0
KE46,mov9,0.01365736,-0.066406321,scenery_memory,1,0,0,0
LD74,mov1,0.056632352,0.028427206,scenery_memory,1,0,1,1
LD74,mov10,0.039946135,0.28896002,event_memory,1,1,1,0
LD74,mov11,0.130933759,-0.096660386,scenery_memory,1,1,0,1
LD74,mov12,0.129795747,-0.064302345,no_memory,0,0,0,0
LD74,mov13,0.191345974,-0.002385274,scenery_memory,1,0,0,1
LD74,mov14,0.093449578,-0.484306827,scenery_memory,1,0,0,0
LD74,mov16,0.137251663,-0.162052903,no_memory,0,0,0,1
LD74,mov19,0.009849739,0.024305203,scenery_memory,1,0,0,1
LD74,mov20,0.02947725,0.20028022,scenery_memory,1,0,1,0
LD74,mov22,0.092636409,0.116184463,scenery_memory,1,0,0,0
LD74,mov24,0.078789065,0.013692193,no_memory,0,1,0,1
LD74,mov25,0.092811091,-0.113229833,event_memory,1,1,1,0
LD74,mov26,0.018006376,-0.045720343,scenery_memory,1,1,0,1
LD74,mov27,0.075376266,0.187102833,no_memory,0,1,1,1
LD74,mov29,0.066243484,0.226023542,scenery_memory,1,0,0,1
LD74,mov3,0.0749066,0.130169584,scenery_memory,1,1,0,1
LD74,mov30,0.089503236,-0.071613701,event_memory,1,1,1,1
LD74,mov31,-0.018207461,-0.057289508,event_memory,1,1,1,1
LD74,mov33,0.123659066,-0.168806955,event_memory,1,1,1,1
LD74,mov35,0.210492216,-0.043530496,no_memory,0,0,0,0
LD74,mov36,-0.000461941,0.117069032,no_memory,0,1,0,0
LD74,mov37,0.138050383,0.148330319,scenery_memory,1,1,0,0
LD74,mov38,0.087829929,0.044285064,scenery_memory,1,1,0,0
LD74,mov39,0.138242626,-0.112595977,scenery_memory,1,1,0,1
LD74,mov4,0.007281824,-0.017125464,scenery_memory,1,0,0,0
LD74,mov40,0.118718654,-0.275880994,scenery_memory,1,1,0,1
LD74,mov41,0.031965175,-0.184026584,scenery_memory,1,0,0,1
LD74,mov42,0.250983867,0.029752775,scenery_memory,1,1,0,0
LD74,mov43,0.094823142,0.206742197,no_memory,0,0,0,0
LD74,mov44,0.097947668,0.030220579,scenery_memory,1,1,0,0
LD74,mov45,0.142429456,-0.103926527,event_memory,1,1,1,0
LD74,mov46,0.045557721,0.102710801,scenery_memory,1,1,0,0
LD74,mov47,0.030772002,0.196828364,scenery_memory,1,1,0,1
LD74,mov48,0.018200118,-0.039325312,event_memory,1,1,1,1
LD74,mov5,0.062124669,0.237765662,scenery_memory,1,0,0,0
LD74,mov50,0.02899737,0.123075656,scenery_memory,1,1,0,0
LD74,mov51,0.034687357,0.145329872,scenery_memory,1,1,0,1
LD74,mov52,0.045599601,0.402072441,no_memory,0,1,0,0
LD74,mov53,0.086069591,0.039296376,no_memory,0,1,1,1
LD74,mov54,0.095236496,-0.143823665,event_memory,1,1,1,0
LD74,mov56,0.017137477,-0.088370978,scenery_memory,1,1,0,1
LD74,mov57,0.115837694,0.150477673,scenery_memory,1,0,0,0
LD74,mov58,0.127842034,-0.041893297,no_memory,0,1,0,1
LD74,mov59,0.215299038,0.189840487,no_memory,0,0,1,1
LD74,mov6,0.191655385,0.009035888,scenery_memory,1,1,0,0
LD74,mov60,0.054935627,0.04193418,scenery_memory,1,1,0,0
LD74,mov8,0.107698283,-0.064842163,scenery_memory,1,1,0,1
LD74,mov9,0.108734312,0.077895417,scenery_memory,1,0,0,1
MA36,mov1,-0.033476615,0.227892596,scenery_memory,1,0,0,0
MA36,mov10,0.088173226,0.111614847,event_memory,1,1,1,0
MA36,mov11,0.067223488,0.150143166,scenery_memory,1,0,1,0
MA36,mov12,0.050786647,0.062294752,scenery_memory,1,0,0,0
MA36,mov13,-0.092634851,0.13320907,scenery_memory,1,1,0,1
MA36,mov14,0.000941318,0.298968837,event_memory,1,1,1,0
MA36,mov16,0.19556712,0.028698368,event_memory,1,1,1,0
MA36,mov19,0.016348883,0.113768939,no_memory,0,0,0,1
MA36,mov20,0.000262888,0.23639,scenery_memory,1,0,1,0
MA36,mov22,-0.148487713,-0.059549487,scenery_memory,1,1,0,1
MA36,mov24,0.137794818,0.40920546,scenery_memory,1,1,0,1
MA36,mov25,-0.146910452,0.530861641,event_memory,1,1,1,0
MA36,mov26,0.017090865,0.11328092,no_memory,0,0,1,0
MA36,mov27,-0.042533376,0.200370571,no_memory,0,1,1,1
MA36,mov29,-0.026108155,0.057317874,scenery_memory,1,0,0,0
MA36,mov3,0.03246614,-0.09216092,scenery_memory,1,0,1,0
MA36,mov30,0.048350622,0.125648133,scenery_memory,1,0,0,0
MA36,mov31,0.003363444,-0.096782111,event_memory,1,1,1,0
MA36,mov33,-0.078226997,0.210019774,no_memory,0,0,0,1
MA36,mov35,-0.047557761,0.127225672,event_memory,1,1,1,0
MA36,mov36,0.137807202,0.024622659,scenery_memory,1,0,1,1
MA36,mov37,-0.035127173,0.143747635,event_memory,1,1,1,0
MA36,mov38,0.012030973,0.104739909,scenery_memory,1,0,0,1
MA36,mov39,0.013731458,0.041525107,scenery_memory,1,1,0,1
MA36,mov4,-0.109805595,0.259762613,scenery_memory,1,1,0,1
MA36,mov40,0.050804874,0.074768567,event_memory,1,1,1,0
MA36,mov41,-0.078946867,0.059641879,scenery_memory,1,0,1,0
MA36,mov42,0.007822732,0.125392411,no_memory,0,0,0,1
MA36,mov43,0.09292559,0.11179042,no_memory,0,1,1,1
MA36,mov44,0.163068677,-0.001171682,no_memory,0,0,0,0
MA36,mov45,0.023677126,0.471241359,scenery_memory,1,0,1,0
MA36,mov46,0.107896236,0.124205408,scenery_memory,1,0,1,1
MA36,mov47,0.072183928,0.153792404,scenery_memory,1,1,0,1
MA36,mov48,0.091719478,0.076986989,event_memory,1,1,1,1
MA36,mov5,0.065733206,0.062142655,scenery_memory,1,1,0,0
MA36,mov50,0.055284632,0.291748193,event_memory,1,1,1,0
MA36,mov51,-0.047371742,-0.235902952,event_memory,1,1,1,0
MA36,mov52,-0.017622366,0.227075731,scenery_memory,1,1,0,0
MA36,mov53,-0.104579193,0.080570468,scenery_memory,1,1,0,1
MA36,mov54,-0.036253965,0.144520546,event_memory,1,1,1,1
MA36,mov56,0.073802874,0.065066272,scenery_memory,1,0,0,0
MA36,mov57,-0.068549824,0.281394243,scenery_memory,1,0,0,1
MA36,mov58,0.056943576,-0.259592282,scenery_memory,1,1,0,0
MA36,mov59,0.2041708,0.05006328,scenery_memory,1,0,0,0
MA36,mov6,0.124452085,-0.097823908,scenery_memory,1,0,0,0
MA36,mov60,0.210353782,0.079008853,no_memory,0,0,0,1
MA36,mov8,0.094391751,-0.197308577,no_memory,0,1,0,0
MA36,mov9,0.222332153,-0.256746913,no_memory,0,1,0,1
MG07,mov1,-0.02152311,0.102764677,event_memory,1,1,1,0
MG07,mov10,-0.040144158,0.044934881,scenery_memory,1,0,0,0
MG07,mov11,0.039886208,0.094026157,event_memory,1,1,1,0
MG07,mov12,0.019741197,0.115962409,no_memory,0,1,1,1
MG07,mov13,0.104932916,0.154867356,scenery_memory,1,0,0,1
MG07,mov14,-0.096663433,0.001575217,event_memory,1,1,1,0
MG07,mov16,0.059430324,0.128607483,no_memory,0,0,0,1
MG07,mov19,-0.141135485,0.072098845,scenery_memory,1,1,0,0
MG07,mov20,-0.115722115,0.058925352,scenery_memory,1,1,0,1
MG07,mov22,0.017737311,0.065198074,scenery_memory,1,1,0,0
MG07,mov24,0.059921412,0.045266381,scenery_memory,1,1,0,1
MG07,mov25,-0.02202598,0.320793849,event_memory,1,1,1,0
MG07,mov26,0.05280319,0.089399971,scenery_memory,1,1,0,0
MG07,mov27,-0.043423096,0.37922572,event_memory,1,1,1,0
MG07,mov29,-0.124515407,0.182753075,event_memory,1,1,1,0
MG07,mov3,-0.011226859,0.162984702,event_memory,1,1,1,0
MG07,mov30,0.051205767,0.12412436,no_memory,0,0,0,0
MG07,mov31,-0.010534911,0.10345987,event_memory,1,1,1,0
MG07,mov33,0.032932994,0.088662095,event_memory,1,1,1,0
MG07,mov35,-0.044058367,0.094314445,event_memory,1,1,1,0
MG07,mov36,-0.09950221,0.375708896,event_memory,1,1,1,1
MG07,mov37,0.004442571,0.189852957,scenery_memory,1,0,1,0
MG07,mov38,0.028351435,0.351040714,no_memory,0,1,0,1
MG07,mov39,-0.103489298,0.344571314,scenery_memory,1,1,0,1
MG07,mov4,-0.022160197,0.239728628,scenery_memory,1,0,0,1
MG07,mov40,-0.060190825,0.066084037,event_memory,1,1,1,1
MG07,mov41,0.025192148,0.57523135,scenery_memory,1,1,0,0
MG07,mov42,-0.096378393,0.318545424,no_memory,0,1,1,1
MG07,mov43,0.061634333,0.074181214,no_memory,0,0,0,1
MG07,mov44,-0.023996426,0.120999381,event_memory,1,1,1,0
MG07,mov45,-0.095526649,0.523625759,event_memory,1,1,1,1
MG07,mov46,-0.082560867,0.02659466,scenery_memory,1,1,0,0
MG07,mov47,0.01620723,0.158752176,no_memory,0,1,0,1
MG07,mov48,0.072172238,0.145511893,scenery_memory,1,0,1,0
MG07,mov5,0.052771634,0.354529322,no_memory,0,1,0,1
MG07,mov50,-0.377314611,0.403999783,no_memory,0,1,1,0
MG07,mov51,0.056924042,-0.094090315,no_memory,0,1,0,0
MG07,mov52,-0.063024236,0.364010241,event_memory,1,1,1,1
MG07,mov53,0.01606795,0.172083982,event_memory,1,1,1,0
MG07,mov54,0.047848306,0.00162285,no_memory,0,0,1,1
MG07,mov56,0.047317512,0.051623287,no_memory,0,0,1,1
MG07,mov57,-0.061734253,0.089921354,event_memory,1,1,1,0
MG07,mov58,0.035032805,-0.105269441,scenery_memory,1,0,0,0
MG07,mov59,0.013433803,0.128904095,no_memory,0,0,1,1
MG07,mov6,-0.023484939,0.034534279,scenery_memory,1,0,0,0
MG07,mov60,0.002087844,-0.052503812,scenery_memory,1,1,0,0
MG07,mov8,-0.042087085,0.184736092,scenery_memory,1,1,0,0
MG07,mov9,-0.031287793,0.30171252,scenery_memory,1,1,0,1
MM08,mov1,-0.161748188,0.043995204,event_memory,1,1,1,1
MM08,mov10,-0.128937089,0.321556516,event_memory,1,1,1,0
MM08,mov11,-0.004556768,0.134561975,scenery_memory,1,0,1,0
MM08,mov12,-0.010052447,0.13753207,event_memory,1,1,1,1
MM08,mov13,-0.100411918,0.203509436,no_memory,0,1,0,1
MM08,mov14,-0.085201619,0.067733609,scenery_memory,1,0,0,0
MM08,mov16,-0.081500978,0.043105359,event_memory,1,1,1,0
MM08,mov19,-0.036032992,-0.075399317,scenery_memory,1,0,0,0
MM08,mov20,0.029158898,0.082779679,event_memory,1,1,1,0
MM08,mov22,-0.070079551,-0.184171738,scenery_memory,1,0,0,0
MM08,mov24,-0.14561767,-0.118907993,event_memory,1,1,1,0
MM08,mov25,-0.098828805,-0.081360332,event_memory,1,1,1,0
MM08,mov26,0.015206214,-0.096357563,scenery_memory,1,1,0,1
MM08,mov27,-0.121576765,-0.079441976,event_memory,1,1,1,0
MM08,mov29,-0.047528984,-0.138330447,event_memory,1,1,1,0
MM08,mov3,-0.055659594,0.181621698,event_memory,1,1,1,1
MM08,mov30,-0.063275787,0.073651803,no_memory,0,1,1,1
MM08,mov31,-0.108167252,0.193361343,event_memory,1,1,1,1
MM08,mov33,-0.134627709,0.216204248,event_memory,1,1,1,1
MM08,mov35,-0.045318354,0.07911749,event_memory,1,1,1,1
MM08,mov36,-0.1198567,-0.208970009,event_memory,1,1,1,1
MM08,mov37,-0.130516761,0.153837648,event_memory,1,1,1,1
MM08,mov38,-0.001961301,0.237636777,scenery_memory,1,1,0,0
MM08,mov39,-0.153108134,0.08965768,event_memory,1,1,1,0
MM08,mov4,-0.021700731,0.049087314,no_memory,0,1,1,0
MM08,mov40,-0.075810328,0.110149896,event_memory,1,1,1,1
MM08,mov41,-0.062171432,0.208156175,scenery_memory,1,1,0,1
MM08,mov42,-0.008011104,0.148783157,event_memory,1,1,1,0
MM08,mov43,-0.098448133,0.267084696,scenery_memory,1,1,0,0
MM08,mov44,-0.136989015,-0.024707672,scenery_memory,1,0,1,1
MM08,mov45,-0.062811216,0.138525801,scenery_memory,1,0,0,0
MM08,mov46,-0.098031265,-0.038669994,scenery_memory,1,1,0,0
MM08,mov47,-0.022044327,-0.103691572,scenery_memory,1,1,0,1
MM08,mov48,-0.123242477,-0.151942757,scenery_memory,1,0,1,1
MM08,mov5,-0.014555794,0.076353001,no_memory,0,0,0,0
MM08,mov50,-0.070366864,0.123701997,event_memory,1,1,1,0
MM08,mov51,0.05789998,-0.038488712,event_memory,1,1,1,1
MM08,mov52,-0.120639956,0.276061491,scenery_memory,1,1,0,0
MM08,mov53,-0.070948292,-0.022781768,scenery_memory,1,0,0,1
MM08,mov54,-0.167267409,0.047455373,event_memory,1,1,1,0
MM08,mov56,-0.042044927,0.224378712,event_memory,1,1,1,0
MM08,mov57,-0.103889366,-0.114779219,event_memory,1,1,1,0
MM08,mov58,-0.04105747,0.035254408,scenery_memory,1,1,0,0
MM08,mov59,-0.064545536,0.017223922,scenery_memory,1,0,1,0
MM08,mov6,-0.069852849,0.087784907,scenery_memory,1,0,0,0
MM08,mov60,-0.163391068,0.205189364,no_memory,0,1,0,0
MM08,mov8,0.049036476,-0.028588767,scenery_memory,1,1,0,1
MM08,mov9,-0.018688621,0.174308739,scenery_memory,1,0,0,1
NA43,mov1,-0.264425824,0.307996301,event_memory,1,1,1,0
NA43,mov10,0.116550948,0.103530961,scenery_memory,1,0,0,0
NA43,mov11,0.093686225,0.19819884,scenery_memory,1,0,1,0
NA43,mov12,-0.181087008,0.126520929,scenery_memory,1,0,0,0
NA43,mov13,0.000529572,0.095026182,scenery_memory,1,1,0,0
NA43,mov14,-0.059962559,0.204930573,event_memory,1,1,1,0
NA43,mov16,0.116406066,0.104418341,no_memory,0,1,0,1
NA43,mov19,-0.190382682,0.115823189,event_memory,1,1,1,0
NA43,mov20,-0.073936219,0.225167189,scenery_memory,1,0,1,0
NA43,mov22,0.140739396,0.134779064,scenery_memory,1,0,0,0
NA43,mov24,0.070754791,0.048392987,scenery_memory,1,0,0,1
NA43,mov25,-0.047851961,0.125252263,event_memory,1,1,1,1
NA43,mov26,-0.040227809,0.084465797,no_memory,0,1,0,0
NA43,mov27,0.015816841,0.2612486,event_memory,1,1,1,0
NA43,mov29,-0.033459891,0.172736814,no_memory,0,0,1,0
NA43,mov3,0.007556492,-0.0797523,no_memory,0,0,1,0
NA43,mov30,-0.059950138,-0.121574505,event_memory,1,1,1,0
NA43,mov31,0.179504993,0.099330861,no_memory,0,0,0,1
NA43,mov33,0.04034367,0.049910593,no_memory,0,1,1,0
NA43,mov35,-0.044825607,0.188453051,scenery_memory,1,1,0,0
NA43,mov36,0.075862704,0.217561899,scenery_memory,1,1,0,1
NA43,mov37,-0.081871672,0.088546493,event_memory,1,1,1,1
NA43,mov38,0.007372935,-0.044571389,scenery_memory,1,1,0,1
NA43,mov39,-0.029195982,-0.049182154,scenery_memory,1,1,0,1
NA43,mov4,0.041291008,0.171236056,scenery_memory,1,0,0,0
NA43,mov40,-0.063434495,0.042354948,scenery_memory,1,1,0,1
NA43,mov41,-0.049498561,0.208293753,no_memory,0,1,1,0
NA43,mov42,-0.002049322,0.058377765,scenery_memory,1,1,0,0
NA43,mov43,0.106524237,0.549123247,scenery_memory,1,1,0,1
NA43,mov44,-0.020478738,-0.102212139,scenery_memory,1,0,0,1
NA43,mov45,-0.026133734,0.032009294,scenery_memory,1,0,0,0
NA43,mov46,0.082131677,0.06586211,no_memory,0,1,1,1
NA43,mov47,-0.124607339,-0.12634331,scenery_memory,1,1,0,0
NA43,mov48,0.137544684,0.10178428,scenery_memory,1,0,0,0
NA43,mov5,0.02413642,-0.157044519,no_memory,0,0,1,1
NA43,mov50,-0.096224631,-0.052678054,no_memory,0,0,1,0
NA43,mov51,-0.075001636,-0.262848741,scenery_memory,1,1,0,0
NA43,mov52,-0.02074654,0.000842121,no_memory,0,1,0,1
NA43,mov53,0.021746874,0.173657216,no_memory,0,0,1,0
NA43,mov54,0.015106185,0.127592737,scenery_memory,1,1,0,0
NA43,mov56,0.078988826,0.191898029,scenery_memory,1,0,1,0
NA43,mov57,-0.001975469,0.246354987,scenery_memory,1,0,1,0
NA43,mov58,0.111454357,-0.111742504,no_memory,0,0,1,0
NA43,mov59,0.01236016,0.147963802,no_memory,0,0,0,0
NA43,mov6,-0.059087706,-0.014637573,no_memory,0,0,1,0
NA43,mov60,0.02469935,0.093002985,scenery_memory,1,0,0,1
NA43,mov8,-0.09150556,0.063386148,no_memory,0,0,1,1
NA43,mov9,-0.130361913,0.010207382,scenery_memory,1,1,0,1
ND46,mov1,-0.212635723,0.016299389,event_memory,1,1,1,0
ND46,mov10,-0.142781542,0.070748048,no_memory,0,0,0,0
ND46,mov11,-0.197777628,0.084084136,event_memory,1,1,1,0
ND46,mov12,-0.014846295,-0.008210251,no_memory,0,0,0,0
ND46,mov13,-0.158599817,0.271384284,no_memory,0,0,0,0
ND46,mov14,-0.17449046,0.101932794,scenery_memory,1,0,0,0
ND46,mov16,-0.088000264,0.27550471,no_memory,0,0,1,0
ND46,mov19,-0.08147578,0.022635858,scenery_memory,1,1,0,1
ND46,mov20,-0.069864422,0.13063961,scenery_memory,1,1,0,0
ND46,mov22,-0.131435574,0.103164279,scenery_memory,1,0,0,1
ND46,mov24,-0.156733241,-0.036858469,scenery_memory,1,0,0,1
ND46,mov25,-0.237519431,0.266508745,event_memory,1,1,1,0
ND46,mov26,-0.146107018,0.077815614,scenery_memory,1,1,0,1
ND46,mov27,-0.12779212,0.198000751,event_memory,1,1,1,0
ND46,mov29,-0.190966172,0.117132533,no_memory,0,1,0,0
ND46,mov3,0.005993963,-0.122866792,no_memory,0,0,1,0
ND46,mov30,-0.034578874,-0.067048468,event_memory,1,1,1,1
ND46,mov31,-0.080903598,0.109692997,event_memory,1,1,1,1
ND46,mov33,-0.026895041,0.364731168,no_memory,0,0,0,0
ND46,mov35,-0.094288325,-0.019713058,event_memory,1,1,1,0
ND46,mov36,-0.015779702,-0.072999946,event_memory,1,1,1,0
ND46,mov37,-0.039544768,0.026872174,scenery_memory,1,0,0,0
ND46,mov38,-0.07979618,0.227671742,scenery_memory,1,1,0,0
ND46,mov39,-0.005180486,-0.057360547,scenery_memory,1,0,0,1
ND46,mov4,-0.162316289,0.175485896,scenery_memory,1,0,0,0
ND46,mov40,-0.180945703,0.011824428,no_memory,0,1,0,1
ND46,mov41,-0.147499869,0.088804898,scenery_memory,1,0,0,0
ND46,mov42,-0.07710382,0.152330441,event_memory,1,1,1,1
ND46,mov43,0.007346891,0.49785548,scenery_memory,1,0,0,0
ND46,mov44,-0.127476269,0.163164405,scenery_memory,1,0,1,0
ND46,mov45,0.022715201,-0.347474982,no_memory,0,0,0,1
ND46,mov46,-0.126455936,0.08143489,no_memory,0,1,0,0
ND46,mov47,-0.090680425,0.064724343,scenery_memory,1,1,0,0
ND46,mov48,-0.125499803,0.378628867,scenery_memory,1,0,1,0
ND46,mov5,-0.148068812,0.054966965,scenery_memory,1,1,0,0
ND46,mov50,-0.092106033,0.014838459,no_memory,0,1,1,1
ND46,mov51,-0.258345281,-0.033691771,scenery_memory,1,1,0,0
ND46,mov52,-0.102877044,0.182471866,scenery_memory,1,1,0,1
ND46,mov53,-0.07466687,0.161399731,scenery_memory,1,1,0,0
ND46,mov54,-0.068473684,0.001224321,scenery_memory,1,0,1,0
ND46,mov56,-0.003993181,0.134281672,scenery_memory,1,0,1,0
ND46,mov57,-0.084584312,0.279136284,event_memory,1,1,1,0
ND46,mov58,0.15059262,0.213746688,no_memory,0,1,0,1
ND46,mov59,-0.033982202,-0.048394312,no_memory,0,1,0,0
ND46,mov6,-0.132217979,-0.022450708,no_memory,0,0,0,1
ND46,mov60,0.086566051,-0.08842932,no_memory,0,0,0,1
ND46,mov8,-0.128224371,0.062530061,scenery_memory,1,0,0,1
ND46,mov9,-0.191756364,0.227136933,scenery_memory,1,1,0,1
NE69,mov1,-0.058623716,-0.165139641,no_memory,0,1,0,0
NE69,mov10,-0.021463282,0.062678587,scenery_memory,1,0,0,1
NE69,mov11,-0.123059692,0.307296406,event_memory,1,1,1,0
NE69,mov12,-0.005681583,0.036311538,event_memory,1,1,1,1
NE69,mov13,0.020433467,0.138505227,no_memory,0,1,1,1
NE69,mov14,-0.154054116,0.167351587,scenery_memory,1,0,0,0
NE69,mov16,0.000483518,-0.00440941,no_memory,0,1,1,0
NE69,mov19,-0.05964706,0.059546188,scenery_memory,1,1,0,1
NE69,mov20,-0.066310535,0.271532377,scenery_memory,1,1,0,1
NE69,mov22,-0.092733095,0.243746726,scenery_memory,1,0,0,1
NE69,mov24,-0.06010452,-0.048236099,scenery_memory,1,0,0,1
NE69,mov25,-0.122214026,0.320359151,event_memory,1,1,1,1
NE69,mov26,-0.039329727,-0.123864501,scenery_memory,1,1,0,0
NE69,mov27,-0.074743385,0.335711157,event_memory,1,1,1,0
NE69,mov29,-0.091480113,-0.040690444,event_memory,1,1,1,1
NE69,mov3,0.017362843,0.307065946,event_memory,1,1,1,0
NE69,mov30,0.001044802,0.084581509,event_memory,1,1,1,1
NE69,mov31,-0.123603875,0.07676767,event_memory,1,1,1,0
NE69,mov33,0.021237122,-0.107091676,scenery_memory,1,0,1,1
NE69,mov35,-0.043894195,0.227662775,no_memory,0,1,1,1
NE69,mov36,-0.043733385,-0.049453304,event_memory,1,1,1,0
NE69,mov37,0.005448522,0.159942411,no_memory,0,0,1,0
NE69,mov38,-0.025685393,0.063839148,scenery_memory,1,0,0,1
NE69,mov39,-0.087169205,0.268680813,scenery_memory,1,1,0,0
NE69,mov4,0.006448079,0.059177707,event_memory,1,1,1,0
NE69,mov40,-0.04768673,0.234502922,scenery_memory,1,0,1,0
NE69,mov41,0.016383169,0.36170152,event_memory,1,1,1,1
NE69,mov42,-0.130354657,0.205387866,event_memory,1,1,1,0
NE69,mov43,-0.11676169,0.539287911,scenery_memory,1,0,0,0
NE69,mov44,-0.131005702,-0.111189009,scenery_memory,1,0,1,1
NE69,mov45,-0.064813575,0.293239389,event_memory,1,1,1,1
NE69,mov46,-0.091486017,-0.104616801,event_memory,1,1,1,1
NE69,mov47,-0.017129665,0.183701516,event_memory,1,1,1,0
NE69,mov48,-0.077373647,-0.156069112,scenery_memory,1,0,1,0
NE69,mov5,-0.126444653,0.095365713,event_memory,1,1,1,0
NE69,mov50,-0.005692465,0.114807034,no_memory,0,1,1,1
NE69,mov51,-0.070574181,-0.117333685,event_memory,1,1,1,1
NE69,mov52,-0.030906279,0.506030902,no_memory,0,1,1,1
NE69,mov53,-0.014506778,0.070671222,scenery_memory,1,1,0,1
NE69,mov54,-0.001283497,0.125079325,no_memory,0,1,1,0
NE69,mov56,0.00866349,0.086582702,event_memory,1,1,1,1
NE69,mov57,-0.002680922,0.244597111,scenery_memory,1,0,1,1
NE69,mov58,-0.085987588,0.219257214,no_memory,0,1,0,0
NE69,mov59,-0.076338711,0.18318546,scenery_memory,1,0,1,0
NE69,mov6,-0.102251851,0.052042477,scenery_memory,1,1,0,1
NE69,mov60,-0.038189421,-0.19517401,scenery_memory,1,0,0,0
NE69,mov8,-0.075587853,0.283230006,scenery_memory,1,1,0,0
NE69,mov9,-0.048454001,0.168607814,scenery_memory,1,0,1,0
NF76,mov1,-0.104272102,0.13424419,event_memory,1,1,1,1
NF76,mov10,-0.06825584,0.0089692,no_memory,0,1,1,0
NF76,mov11,-0.042414436,0.398898389,scenery_memory,1,0,0,1
NF76,mov12,-0.08316132,0.118075655,scenery_memory,1,1,0,1
NF76,mov13,-0.019984617,0.122649811,no_memory,0,1,0,0
NF76,mov14,-0.070019182,-0.033881413,scenery_memory,1,0,0,1
NF76,mov16,-0.141796454,0.022983886,scenery_memory,1,0,1,1
NF76,mov19,-0.136013437,0.065675577,scenery_memory,1,0,1,0
NF76,mov20,-0.08358573,-0.213690543,event_memory,1,1,1,0
NF76,mov22,0.025751246,0.327922071,no_memory,0,1,1,1
NF76,mov24,-0.070475017,0.024349981,scenery_memory,1,0,0,1
NF76,mov25,-0.008096135,0.258883764,event_memory,1,1,1,1
NF76,mov26,-0.084395541,-0.074719254,scenery_memory,1,1,0,0
NF76,mov27,-0.094030798,0.445991184,event_memory,1,1,1,1
NF76,mov29,-0.15600616,0.336144502,scenery_memory,1,1,0,1
NF76,mov3,-0.009455549,0.293126198,scenery_memory,1,1,0,1
NF76,mov30,-0.148525431,0.061324257,event_memory,1,1,1,1
NF76,mov31,-0.019700471,0.464428543,event_memory,1,1,1,1
NF76,mov33,-0.0835359,0.096471034,event_memory,1,1,1,1
NF76,mov35,-0.035202067,-0.043423672,no_memory,0,0,1,1
NF76,mov36,-0.093458586,0.217136514,event_memory,1,1,1,0
NF76,mov37,-0.050796549,0.262422065,scenery_memory,1,1,0,1
NF76,mov38,-0.060816217,0.350499595,scenery_memory,1,0,1,0
NF76,mov39,-0.162602799,-0.234273199,scenery_memory,1,0,0,0
NF76,mov4,-0.099258403,-0.209861089,scenery_memory,1,0,1,0
NF76,mov40,-0.12946831,0.133018436,scenery_memory,1,1,0,0
NF76,mov41,-0.03872328,0.218867169,scenery_memory,1,0,1,0
NF76,mov42,-0.134001998,0.044242432,event_memory,1,1,1,0
NF76,mov43,-0.055288825,-0.374976301,event_memory,1,1,1,1
NF76,mov44,-0.071431025,0.067894074,no_memory,0,1,0,0
NF76,mov45,-0.165817093,-0.217451118,scenery_memory,1,0,0,0
NF76,mov46,-0.091814006,0.199627386,scenery_memory,1,1,0,0
NF76,mov47,-0.086496492,0.209164951,no_memory,0,0,1,0
NF76,mov48,-0.146343493,0.063013831,event_memory,1,1,1,0
NF76,mov5,-0.141337414,0.426793362,event_memory,1,1,1,1
NF76,mov50,-0.105514276,0.172849182,event_memory,1,1,1,1
NF76,mov51,-0.026681403,0.058975351,scenery_memory,1,1,0,0
NF76,mov52,-0.061948651,0.313823884,event_memory,1,1,1,0
NF76,mov53,-0.097066188,-0.176415778,scenery_memory,1,1,0,0
NF76,mov54,0.015462448,0.045428565,no_memory,0,1,1,0
NF76,mov56,-0.072671531,0.192577396,no_memory,0,1,1,1
NF76,mov57,-0.038956698,-0.353941447,event_memory,1,1,1,0
NF76,mov58,-0.161944151,0.25822431,scenery_memory,1,1,0,0
NF76,mov59,-0.121154897,0.089906959,scenery_memory,1,0,1,0
NF76,mov6,-0.025473182,0.087802447,scenery_memory,1,1,0,1
NF76,mov60,-0.101508447,-0.125079535,event_memory,1,1,1,0
NF76,mov8,-0.135121576,-0.0977981,scenery_memory,1,1,0,0
NF76,mov9,-0.185858932,0.242014537,scenery_memory,1,0,0,1
NP15,mov1,-0.138182775,0.072231483,event_memory,1,1,1,0
NP15,mov10,-0.080406709,0.294497463,event_memory,1,1,1,1
NP15,mov11,-0.102286535,0.39047724,event_memory,1,1,1,0
NP15,mov12,-0.114364408,0.130913358,event_memory,1,1,1,1
NP15,mov13,-0.138124611,0.175233467,scenery_memory,1,0,0,0
NP15,mov14,-0.073009517,0.145144469,event_memory,1,1,1,0
NP15,mov16,-0.061121977,0.122953724,event_memory,1,1,1,1
NP15,mov19,0.024959652,0.024853274,scenery_memory,1,0,0,1
NP15,mov20,-0.032406116,0.059347055,event_memory,1,1,1,1
NP15,mov22,-0.086826648,0.148532279,scenery_memory,1,1,0,1
NP15,mov24,-0.062450516,-0.200752188,scenery_memory,1,0,0,0
NP15,mov25,-0.095330418,0.099565797,event_memory,1,1,1,1
NP15,mov26,-0.122530239,-0.21830645,scenery_memory,1,1,0,1
NP15,mov27,0.036955331,0.296922709,event_memory,1,1,1,0
NP15,mov29,-0.138474698,0.231370583,event_memory,1,1,1,0
NP15,mov3,0.161439049,-0.052975286,scenery_memory,1,0,1,1
NP15,mov30,-0.100313959,0.170333368,event_memory,1,1,1,0
NP15,mov31,-0.11777907,0.074144777,event_memory,1,1,1,1
NP15,mov33,-0.097792912,0.06436521,event_memory,1,1,1,1
NP15,mov35,0.00550081,-0.088618785,no_memory,0,1,1,0
NP15,mov36,-0.083122208,-0.025151731,event_memory,1,1,1,0
NP15,mov37,0.012463253,0.211633875,scenery_memory,1,1,0,1
NP15,mov38,-0.101066223,0.018986044,event_memory,1,1,1,1
NP15,mov39,0.070108542,0.329842761,scenery_memory,1,1,0,1
NP15,mov4,-0.017761598,0.200893359,event_memory,1,1,1,1
NP15,mov40,0.011958203,0.07615207,event_memory,1,1,1,1
NP15,mov41,0.011212929,-0.055041882,no_memory,0,1,0,0
NP15,mov42,-0.03647692,0.207217297,event_memory,1,1,1,0
NP15,mov43,-0.100928197,0.407748028,event_memory,1,1,1,0
NP15,mov44,-0.169313905,-0.055521757,scenery_memory,1,0,0,1
NP15,mov45,-0.13034884,0.164166312,scenery_memory,1,0,0,1
NP15,mov46,-0.109533629,-0.05913176,scenery_memory,1,0,1,1
NP15,mov47,-0.083364641,0.1778197,event_memory,1,1,1,0
NP15,mov48,-0.115090662,-0.034241882,event_memory,1,1,1,1
NP15,mov5,-0.052446623,-0.224430907,event_memory,1,1,1,1
NP15,mov50,-0.105096002,0.164134928,event_memory,1,1,1,1
NP15,mov51,-0.137782808,0.277452554,event_memory,1,1,1,0
NP15,mov52,0.062734967,0.486740583,no_memory,0,0,0,1
NP15,mov53,-0.110515966,0.110766855,event_memory,1,1,1,0
NP15,mov54,-0.11891277,0.202699701,event_memory,1,1,1,0
NP15,mov56,0.075057584,0.072094043,scenery_memory,1,0,1,0
NP15,mov57,-0.071208028,0.306711828,scenery_memory,1,0,0,0
NP15,mov58,-0.046700242,-0.091617921,scenery_memory,1,1,0,1
NP15,mov59,-0.101331894,0.215107048,scenery_memory,1,0,1,1
NP15,mov6,-0.076105204,0.084545173,scenery_memory,1,0,1,1
NP15,mov60,-0.092688706,-0.135548663,no_memory,0,0,0,1
NP15,mov8,-0.000301114,0.137297989,scenery_memory,1,1,0,1
NP15,mov9,-0.086714698,0.171079201,event_memory,1,1,1,0
NZ19,mov1,0.028121187,0.251466014,event_memory,1,1,1,1
NZ19,mov10,-0.055337517,0.252923241,event_memory,1,1,1,1
NZ19,mov11,-0.106807253,0.093471147,event_memory,1,1,1,1
NZ19,mov12,-0.011786289,0.02491572,no_memory,0,0,1,0
NZ19,mov13,0.031485087,0.174459302,scenery_memory,1,1,0,0
NZ19,mov14,-0.017358425,0.191493403,scenery_memory,1,0,1,0
NZ19,mov16,-0.075850033,0.110958129,event_memory,1,1,1,0
NZ19,mov19,0.01626343,0.022182229,event_memory,1,1,1,0
NZ19,mov20,-0.047274963,-0.058142759,scenery_memory,1,0,1,0
NZ19,mov22,-0.108549896,0.210240008,scenery_memory,1,1,0,1
NZ19,mov24,0.017422786,-0.026073207,no_memory,0,1,1,1
NZ19,mov25,-0.043111247,0.196540105,event_memory,1,1,1,0
NZ19,mov26,-0.014337734,0.005614356,scenery_memory,1,1,0,1
NZ19,mov27,0.003131994,0.221878135,event_memory,1,1,1,0
NZ19,mov29,-0.074758598,0.139702753,event_memory,1,1,1,0
NZ19,mov3,-0.087675831,0.420155708,event_memory,1,1,1,0
NZ19,mov30,0.092027284,0.154040251,scenery_memory,1,1,0,0
NZ19,mov31,-0.030906119,-0.057525224,event_memory,1,1,1,1
NZ19,mov33,0.037278731,-0.076938826,no_memory,0,0,0,1
NZ19,mov35,-0.006304621,-0.044195838,event_memory,1,1,1,0
NZ19,mov36,-0.07437238,0.282513718,event_memory,1,1,1,1
NZ19,mov37,-0.020496811,0.210701444,event_memory,1,1,1,0
NZ19,mov38,-0.034775056,0.104997427,no_memory,0,0,0,0
NZ19,mov39,0.094231952,-0.244306816,scenery_memory,1,1,0,1
NZ19,mov4,-0.055819702,0.299914864,event_memory,1,1,1,1
NZ19,mov40,-0.018230768,0.050320136,no_memory,0,0,0,1
NZ19,mov41,-0.049103301,0.258429458,scenery_memory,1,0,1,0
NZ19,mov42,0.014862484,0.158611988,event_memory,1,1,1,1
NZ19,mov43,-0.099245549,0.317151809,scenery_memory,1,1,0,0
NZ19,mov44,-0.023837624,0.117935089,scenery_memory,1,0,0,0
NZ19,mov45,-0.106781525,0.005006401,scenery_memory,1,0,1,0
NZ19,mov46,-0.092801142,-0.100412562,no_memory,0,1,1,1
NZ19,mov47,-0.105541367,0.123451777,event_memory,1,1,1,1
NZ19,mov48,-0.078556157,0.032645225,event_memory,1,1,1,1
NZ19,mov5,0.04940627,0.171761234,event_memory,1,1,1,1
NZ19,mov50,0.036025667,-0.076219092,no_memory,0,1,1,0
NZ19,mov51,0.006442669,0.18216164,event_memory,1,1,1,1
NZ19,mov52,0.033595736,0.073013882,event_memory,1,1,1,1
NZ19,mov53,-0.040848836,-0.071908589,no_memory,0,1,0,1
NZ19,mov54,0.027343845,-0.008812299,event_memory,1,1,1,1
NZ19,mov56,-0.085264231,0.109728471,event_memory,1,1,1,0
NZ19,mov57,-0.133307062,0.137487282,event_memory,1,1,1,1
NZ19,mov58,-0.000862206,0.033662542,no_memory,0,1,0,0
NZ19,mov59,-0.037554663,-0.162683443,no_memory,0,1,1,1
NZ19,mov6,-0.065140719,-0.111030158,scenery_memory,1,0,0,1
NZ19,mov60,-0.013430992,0.237435152,scenery_memory,1,1,0,1
NZ19,mov8,-0.061255411,0.092681419,scenery_memory,1,1,0,1
NZ19,mov9,-0.065901717,-0.013205162,scenery_memory,1,1,0,1
OK15,mov1,0.014070367,0.220849663,scenery_memory,1,1,0,1
OK15,mov10,-0.053372746,0.013188021,no_memory,0,1,0,0
OK15,mov11,0.052952042,0.132494241,scenery_memory,1,0,1,1
OK15,mov12,-0.128007859,0.059157863,scenery_memory,1,0,1,1
OK15,mov13,0.010027939,0.104512881,no_memory,0,1,1,1
OK15,mov14,0.10877016,0.325020155,event_memory,1,1,1,0
OK15,mov16,-0.067466948,0.111544377,scenery_memory,1,1,0,1
OK15,mov19,-0.129945669,0.056081457,event_memory,1,1,1,1
OK15,mov20,-0.033782406,0.260038684,scenery_memory,1,0,0,1
OK15,mov22,-0.027155023,0.110119046,scenery_memory,1,0,0,1
OK15,mov24,-0.036176373,0.209936172,scenery_memory,1,1,0,0
OK15,mov25,-0.037472524,0.166920493,event_memory,1,1,1,1
OK15,mov26,-0.092950099,0.065482274,scenery_memory,1,1,0,1
OK15,mov27,-0.015344544,0.041917884,scenery_memory,1,1,0,0
OK15,mov29,-0.091436301,0.10234135,scenery_memory,1,0,0,1
OK15,mov3,0.040189574,0.032640962,event_memory,1,1,1,0
OK15,mov30,0.121347021,-0.012886734,no_memory,0,0,0,0
OK15,mov31,0.069260297,0.094560186,scenery_memory,1,0,1,0
OK15,mov33,0.134316743,0.010234321,no_memory,0,0,0,0
OK15,mov35,0.000816225,-0.195093846,no_memory,0,1,0,0
OK15,mov36,-0.086542145,-0.017549224,event_memory,1,1,1,0
OK15,mov37,-0.087131186,0.094080676,scenery_memory,1,0,0,0
OK15,mov38,-0.002672738,0.244869717,event_memory,1,1,1,1
OK15,mov39,-0.137161687,0.36954912,no_memory,0,1,1,1
OK15,mov4,-0.078994899,0.046362895,scenery_memory,1,0,1,0
OK15,mov40,0.119414835,0.17757532,no_memory,0,0,0,0
OK15,mov41,-0.072694517,0.265916659,no_memory,0,0,0,0
OK15,mov42,-0.01849576,-0.224836944,event_memory,1,1,1,0
OK15,mov43,0.056112849,0.414224747,event_memory,1,1,1,1
OK15,mov44,-0.126372592,0.102202474,event_memory,1,1,1,0
OK15,mov45,-0.101083638,0.364554553,scenery_memory,1,0,0,1
OK15,mov46,-0.042942773,0.121586796,no_memory,0,0,1,0
OK15,mov47,-0.023472509,0.020184319,event_memory,1,1,1,0
OK15,mov48,0.081146538,0.115720732,no_memory,0,1,0,1
OK15,mov5,0.20099269,-0.19097353,scenery_memory,1,0,1,1
OK15,mov50,-0.124063719,0.139601365,scenery_memory,1,0,0,1
OK15,mov51,-0.007006431,-0.155518335,scenery_memory,1,1,0,0
OK15,mov52,0.003363839,0.285872264,scenery_memory,1,0,1,1
OK15,mov53,0.018566769,0.141058325,event_memory,1,1,1,1
OK15,mov54,-0.035876918,0.156124796,no_memory,0,0,0,1
OK15,mov56,0.055324897,0.138251824,no_memory,0,1,1,1
OK15,mov57,-0.04654103,0.128572209,event_memory,1,1,1,1
OK15,mov58,-0.096044497,-0.278098782,scenery_memory,1,1,0,0
OK15,mov59,-0.042702376,0.047395682,scenery_memory,1,0,0,0
OK15,mov6,0.052740047,0.056075479,no_memory,0,1,1,0
OK15,mov60,-0.049525145,-0.273966169,no_memory,0,0,0,1
OK15,mov8,-0.019772962,-0.141237039,scenery_memory,1,0,1,0
OK15,mov9,-0.063956002,0.001188288,scenery_memory,1,0,1,1
RF42,mov1,-0.13524535,0.01331785,no_memory,0,0,1,0
RF42,mov10,-0.061696129,0.103593275,event_memory,1,1,1,0
RF42,mov11,-0.08711272,0.232706337,scenery_memory,1,0,1,1
RF42,mov12,-0.086764204,0.103646928,scenery_memory,1,0,0,0
RF42,mov13,-0.076452214,0.024285059,no_memory,0,1,1,0
RF42,mov14,-0.149106098,0.395621119,event_memory,1,1,1,0
RF42,mov16,-0.053372648,0.143722992,event_memory,1,1,1,1
RF42,mov19,-0.085661185,-0.103172082,scenery_memory,1,0,1,0
RF42,mov20,-0.023352404,-0.082615535,scenery_memory,1,0,1,1
RF42,mov22,-0.102938915,0.016624929,scenery_memory,1,0,0,0
RF42,mov24,-0.033687928,-0.092940777,scenery_memory,1,0,0,1
RF42,mov25,-0.04307975,0.233375582,no_memory,0,0,0,1
RF42,mov26,-0.213777359,0.130887495,scenery_memory,1,1,0,0
RF42,mov27,-0.129383723,0.271615376,no_memory,0,0,0,0
RF42,mov29,-0.152148876,0.064489167,scenery_memory,1,1,0,1
RF42,mov3,-0.167475503,0.323229032,event_memory,1,1,1,1
RF42,mov30,-0.097284396,0.03831155,no_memory,0,1,1,1
RF42,mov31,-0.044328559,0.079164252,scenery_memory,1,1,0,1
RF42,mov33,-0.028013688,0.113936918,no_memory,0,0,0,1
RF42,mov35,-0.1833519,-0.144942876,scenery_memory,1,1,0,0
RF42,mov36,-0.064734689,-0.081341277,no_memory,0,1,1,1
RF42,mov37,-0.060238544,0.149010266,no_memory,0,1,1,1
RF42,mov38,-0.114457632,0.11167835,no_memory,0,1,1,0
RF42,mov39,-0.159541726,0.150041318,scenery_memory,1,1,0,1
RF42,mov4,-0.087641149,0.123064903,scenery_memory,1,0,1,1
RF42,mov40,-0.109617055,-0.139396742,scenery_memory,1,1,0,1
RF42,mov41,-0.108610741,0.113886438,event_memory,1,1,1,0
RF42,mov42,-0.069448961,0.027873965,no_memory,0,1,1,1
RF42,mov43,-0.05066798,-0.051645521,scenery_memory,1,1,0,0
RF42,mov44,-0.163796183,0.01189734,scenery_memory,1,1,0,1
RF42,mov45,-0.134636418,0.245557659,event_memory,1,1,1,0
RF42,mov47,-0.019350091,0.197678536,no_memory,0,1,0,0
RF42,mov48,-0.022236372,0.161913777,no_memory,0,1,0,0
RF42,mov5,-0.062153171,0.035470537,no_memory,0,1,0,1
RF42,mov50,-0.150878684,0.083828143,event_memory,1,1,1,1
RF42,mov51,-0.065184006,-0.066778753,no_memory,0,0,0,0
RF42,mov52,-0.067278419,0.061983554,no_memory,0,1,1,1
RF42,mov53,-0.184214662,0.15946562,scenery_memory,1,0,0,1
RF42,mov54,-0.133962465,0.275007189,scenery_memory,1,1,0,1
RF42,mov56,-0.122987845,0.162044941,scenery_memory,1,0,1,0
RF42,mov57,-0.103376866,0.098832577,scenery_memory,1,0,1,0
RF42,mov58,-0.138884708,-0.200200054,scenery_memory,1,1,0,0
RF42,mov59,-0.113915003,-0.073895129,event_memory,1,1,1,0
RF42,mov6,-0.088089439,-0.07553253,scenery_memory,1,0,0,1
RF42,mov60,-0.096439797,0.001552168,scenery_memory,1,0,0,1
RF42,mov8,-0.188264898,-0.04004391,scenery_memory,1,1,0,1
RF42,mov9,-0.066259141,0.142109162,event_memory,1,1,1,1
RL69,mov1,-0.053773011,-0.031351215,scenery_memory,1,0,1,0
RL69,mov10,-0.008937253,0.043372159,scenery_memory,1,0,0,1
RL69,mov11,-0.054324003,-0.201741695,scenery_memory,1,0,1,1
RL69,mov12,-0.049518443,0.309793682,event_memory,1,1,1,0
RL69,mov13,0.016172519,0.033813292,event_memory,1,1,1,0
RL69,mov14,-0.141498315,-0.012896289,scenery_memory,1,0,1,0
RL69,mov16,-0.06741352,-0.077777994,no_memory,0,0,1,0
RL69,mov19,-0.034048753,-0.100086577,event_memory,1,1,1,1
RL69,mov20,-0.138957629,0.016828914,scenery_memory,1,0,1,0
RL69,mov22,-0.046276133,-0.002448381,no_memory,0,1,0,1
RL69,mov24,-0.168985541,-0.007633967,scenery_memory,1,1,0,0
RL69,mov25,-0.047506708,-0.196984534,event_memory,1,1,1,1
RL69,mov26,-0.152721865,-0.127989767,scenery_memory,1,1,0,1
RL69,mov27,-0.021587308,0.29512913,event_memory,1,1,1,0
RL69,mov29,0.003401412,0.395950339,scenery_memory,1,1,0,1
RL69,mov3,0.012115581,0.052327631,no_memory,0,1,0,0
RL69,mov30,-0.121802945,0.088010558,no_memory,0,1,1,0
RL69,mov31,-0.05442476,0.020684219,event_memory,1,1,1,0
RL69,mov33,-0.069966635,-0.161506531,no_memory,0,0,0,1
RL69,mov35,-0.015292449,0.263037338,event_memory,1,1,1,1
RL69,mov36,0.054125318,0.100887506,no_memory,0,1,1,1
RL69,mov37,-0.003944964,0.048032112,scenery_memory,1,0,1,0
RL69,mov38,0.025038753,0.174642151,event_memory,1,1,1,1
RL69,mov39,0.08994528,0.065219415,scenery_memory,1,1,0,0
RL69,mov4,-0.178454624,0.31727787,scenery_memory,1,0,0,0
RL69,mov40,-0.001103947,0.150166255,scenery_memory,1,1,0,0
RL69,mov41,-0.082281925,-0.173723904,no_memory,0,1,0,1
RL69,mov42,-0.176410319,-0.177633654,event_memory,1,1,1,1
RL69,mov43,-0.010051638,-0.348352277,scenery_memory,1,1,0,1
RL69,mov44,0.002288504,0.054784988,scenery_memory,1,1,0,1
RL69,mov45,0.005553282,0.01290408,event_memory,1,1,1,1
RL69,mov46,-0.011969099,-0.061461154,scenery_memory,1,1,0,1
RL69,mov47,-0.026158028,0.069656565,no_memory,0,0,0,0
RL69,mov48,-0.069876705,-0.101135165,scenery_memory,1,0,0,0
RL69,mov5,-0.077610142,0.126339001,event_memory,1,1,1,0
RL69,mov50,-0.039483074,0.197824679,event_memory,1,1,1,0
RL69,mov51,0.00670816,0.169999092,event_memory,1,1,1,0
RL69,mov52,-0.158823095,0.352837478,event_memory,1,1,1,0
RL69,mov53,-0.025047213,-0.073186097,scenery_memory,1,1,0,0
RL69,mov54,0.01213797,0.06246324,event_memory,1,1,1,1
RL69,mov56,0.019176117,-0.112022784,no_memory,0,1,1,1
RL69,mov57,-0.026188051,0.016851993,scenery_memory,1,0,0,1
RL69,mov58,-0.024204005,-0.034075504,scenery_memory,1,0,0,1
RL69,mov59,-0.045176931,-0.036296286,event_memory,1,1,1,1
RL69,mov6,0.047677186,-0.021945991,scenery_memory,1,0,0,0
RL69,mov60,0.013154263,-0.066859957,no_memory,0,0,0,0
RL69,mov8,-0.06641625,0.057130917,scenery_memory,1,1,0,0
RL69,mov9,-0.059141394,-0.140551681,scenery_memory,1,1,0,1
TB29,mov1,-0.146893208,-0.009323746,no_memory,0,0,0,1
TB29,mov10,-0.064288968,0.04899584,no_memory,0,1,1,0
TB29,mov11,-0.12568445,-0.047458694,scenery_memory,1,0,1,1
TB29,mov12,-0.115031354,-0.021634467,scenery_memory,1,1,0,0
TB29,mov13,-0.03851634,0.013717503,no_memory,0,1,0,1
TB29,mov14,-0.119659945,-0.1122342,scenery_memory,1,0,0,1
TB29,mov16,-0.109032825,0.077426035,scenery_memory,1,0,1,1
TB29,mov19,-0.123169157,0.073551795,scenery_memory,1,0,0,0
TB29,mov20,-0.084947306,0.046758225,event_memory,1,1,1,1
TB29,mov22,-0.03861368,0.052768416,scenery_memory,1,0,0,1
TB29,mov24,-0.059160361,-0.076485763,event_memory,1,1,1,0
TB29,mov25,-0.074615564,-0.103667763,scenery_memory,1,0,0,0
TB29,mov26,-0.149690873,-0.073205756,scenery_memory,1,1,0,0
TB29,mov27,-0.150493153,0.316416124,event_memory,1,1,1,0
TB29,mov29,-0.155446473,0.245548288,scenery_memory,1,1,0,1
TB29,mov3,-0.055169071,0.272364808,scenery_memory,1,0,1,1
TB29,mov30,-0.017219741,0.088059221,event_memory,1,1,1,1
TB29,mov31,-0.072296056,0.024002699,scenery_memory,1,0,1,1
TB29,mov33,-0.106925235,-0.00370089,no_memory,0,1,0,1
TB29,mov35,-0.04494745,0.061937347,no_memory,0,1,0,0
TB29,mov36,-0.10513285,0.538637441,event_memory,1,1,1,0
TB29,mov37,-0.170389908,0.158661049,scenery_memory,1,0,0,1
TB29,mov38,-0.176942736,0.101443925,event_memory,1,1,1,0
TB29,mov39,-0.140834735,0.042758276,scenery_memory,1,0,0,0
TB29,mov4,-0.168070124,0.222965519,event_memory,1,1,1,1
TB29,mov40,-0.131654822,-0.001540173,event_memory,1,1,1,0
TB29,mov41,-0.098671268,0.191676496,no_memory,0,0,0,0
TB29,mov42,0.057535706,-0.173312943,no_memory,0,1,1,1
TB29,mov43,-0.133388036,0.358045223,event_memory,1,1,1,0
TB29,mov44,-0.122408241,-0.217726517,scenery_memory,1,0,1,1
TB29,mov45,-0.126416808,0.056865522,scenery_memory,1,0,1,0
TB29,mov46,-0.126931326,-0.082949431,scenery_memory,1,1,0,0
TB29,mov47,-0.102163124,0.276258679,scenery_memory,1,1,0,0
TB29,mov48,-0.038930935,0.140323986,no_memory,0,0,0,1
TB29,mov5,-0.137812062,0.342519651,scenery_memory,1,0,1,0
TB29,mov50,-0.136135515,0.068536365,no_memory,0,0,1,1
TB29,mov51,-0.074599371,-0.142310562,event_memory,1,1,1,0
TB29,mov52,-0.060022296,0.214662248,event_memory,1,1,1,1
TB29,mov53,-0.042086158,-0.079011345,scenery_memory,1,1,0,1
TB29,mov54,-0.126477459,0.177485295,scenery_memory,1,1,0,1
TB29,mov56,-0.07677353,0.181983223,event_memory,1,1,1,1
TB29,mov57,-0.084428913,0.132975394,no_memory,0,0,1,1
TB29,mov58,-0.047639042,0.121618203,scenery_memory,1,1,0,1
TB29,mov59,0.012203661,0.15693057,no_memory,0,1,1,1
TB29,mov6,-0.126845616,0.059665334,scenery_memory,1,1,0,0
TB29,mov60,-0.094929413,-0.074148066,scenery_memory,1,1,0,0
TB29,mov8,-0.149537972,0.205815901,scenery_memory,1,1,0,1
TB29,mov9,-0.184487436,0.138534266,scenery_memory,1,0,0,0
TL57,mov1,0.047088296,0.402716739,event_memory,1,1,1,0
TL57,mov10,-0.113159225,0.042904868,no_memory,0,1,1,1
TL57,mov11,0.059820769,0.197777164,event_memory,1,1,1,0
TL57,mov12,-0.084001291,0.079927237,event_memory,1,1,1,0
TL57,mov13,-0.049910053,0.224604972,scenery_memory,1,1,0,1
TL57,mov14,0.100554694,-0.226810924,scenery_memory,1,0,1,1
TL57,mov16,-0.010380858,-0.007741569,event_memory,1,1,1,1
TL57,mov19,0.018503108,0.068461554,event_memory,1,1,1,1
TL57,mov20,0.105576425,0.064911696,scenery_memory,1,0,1,0
TL57,mov22,-0.099608603,0.221180191,scenery_memory,1,1,0,1
TL57,mov24,0.033274963,0.048859348,scenery_memory,1,1,0,0
TL57,mov25,0.03427008,0.12152288,event_memory,1,1,1,1
TL57,mov26,-0.031564407,0.04807107,scenery_memory,1,0,0,0
TL57,mov27,0.028851697,0.310172018,event_memory,1,1,1,0
TL57,mov29,0.041430189,0.388121186,scenery_memory,1,1,0,0
TL57,mov3,0.084831593,0.361155204,event_memory,1,1,1,1
TL57,mov30,0.000774681,-0.118570678,event_memory,1,1,1,1
TL57,mov31,0.001522261,0.077587858,event_memory,1,1,1,0
TL57,mov33,-0.092204037,0.21948231,event_memory,1,1,1,0
TL57,mov35,0.028127702,-0.054163591,scenery_memory,1,1,0,1
TL57,mov36,0.008344298,0.114637559,event_memory,1,1,1,0
TL57,mov37,-0.050295327,0.249875432,scenery_memory,1,1,0,1
TL57,mov38,0.064834515,0.015096085,no_memory,0,1,1,0
TL57,mov39,-0.176408556,0.171153869,scenery_memory,1,1,0,0
TL57,mov4,0.051375271,0.495446262,event_memory,1,1,1,1
TL57,mov40,0.092444592,-0.010060861,no_memory,0,1,1,0
TL57,mov41,0.029608882,0.047079942,no_memory,0,1,0,0
TL57,mov42,-0.091946664,0.108513637,event_memory,1,1,1,0
TL57,mov43,-0.073975542,0.327985348,scenery_memory,1,0,0,0
TL57,mov44,0.03237086,-0.012275215,scenery_memory,1,0,0,0
TL57,mov45,-0.129745225,0.124895968,scenery_memory,1,0,0,1
TL57,mov46,0.0876042,0.063220717,event_memory,1,1,1,0
TL57,mov47,0.099184958,0.187426021,event_memory,1,1,1,0
TL57,mov48,-0.103997405,0.414493874,event_memory,1,1,1,0
TL57,mov5,0.053094345,0.010115368,no_memory,0,1,1,0
TL57,mov50,0.074356818,0.046949437,no_memory,0,1,1,0
TL57,mov51,0.117560684,0.134693523,no_memory,0,1,1,0
TL57,mov52,-0.07376395,0.326153137,event_memory,1,1,1,0
TL57,mov53,0.171114388,0.009255474,no_memory,0,1,0,0
TL57,mov54,-0.109843671,0.09005095,scenery_memory,1,0,0,1
TL57,mov56,-0.035743968,0.034617548,event_memory,1,1,1,0
TL57,mov57,0.017202825,0.197195358,no_memory,0,1,0,1
TL57,mov58,-0.005994231,-0.131723399,no_memory,0,1,0,0
TL57,mov59,0.023056691,0.251384524,event_memory,1,1,1,1
TL57,mov6,-0.056257894,0.168818589,scenery_memory,1,1,0,0
TL57,mov60,-0.017088404,0.162119325,no_memory,0,1,0,1
TL57,mov8,-0.086385991,0.108020146,scenery_memory,1,1,0,0
TL57,mov9,0.052311817,0.052267214,event_memory,1,1,1,0
TS39,mov1,-0.066243305,0.12937161,no_memory,0,1,1,0
TS39,mov10,-0.094348841,0.22593372,no_memory,0,1,1,1
TS39,mov11,-0.113170795,-0.160227577,scenery_memory,1,0,1,0
TS39,mov12,-0.100827258,-0.178401634,scenery_memory,1,0,0,1
TS39,mov13,0.086457849,0.255218156,no_memory,0,1,0,0
TS39,mov14,-0.049929181,-0.048232943,scenery_memory,1,0,0,1
TS39,mov16,-0.055578046,0.191021102,scenery_memory,1,1,0,1
TS39,mov19,-0.094112064,0.009819602,scenery_memory,1,1,0,1
TS39,mov20,-0.163560829,0.204569132,event_memory,1,1,1,1
TS39,mov22,-0.032493795,-0.005799081,no_memory,0,1,0,1
TS39,mov24,-0.019727285,-0.131124502,scenery_memory,1,0,0,1
TS39,mov25,-0.054652394,0.280557091,event_memory,1,1,1,1
TS39,mov26,-0.108935988,0.060963382,scenery_memory,1,0,0,1
TS39,mov27,-0.076129695,0.437408546,event_memory,1,1,1,1
TS39,mov29,-0.044898451,0.041508168,scenery_memory,1,1,0,0
TS39,mov3,-0.006888995,-0.010490715,scenery_memory,1,0,0,0
TS39,mov30,-0.079450631,0.005302217,event_memory,1,1,1,0
TS39,mov31,-0.071772968,0.022571934,event_memory,1,1,1,0
TS39,mov33,-0.141715441,0.426537649,scenery_memory,1,0,0,0
TS39,mov35,-0.095177257,-0.174660248,scenery_memory,1,1,0,0
TS39,mov36,-0.148843205,0.055318394,event_memory,1,1,1,0
TS39,mov37,-0.119176131,0.194074453,event_memory,1,1,1,1
TS39,mov38,-0.222382766,0.153239285,scenery_memory,1,0,0,1
TS39,mov39,-0.023509951,0.25269871,scenery_memory,1,1,0,1
TS39,mov4,-0.094737463,0.158415091,event_memory,1,1,1,1
TS39,mov40,-0.042745697,0.176094274,event_memory,1,1,1,1
TS39,mov41,-0.043998271,0.457081237,event_memory,1,1,1,1
TS39,mov42,-0.031958383,0.061750731,event_memory,1,1,1,1
TS39,mov43,-0.194299508,0.622735355,scenery_memory,1,0,0,1
TS39,mov44,-0.079803501,0.346681105,scenery_memory,1,0,1,1
TS39,mov45,-0.096476215,0.081743132,scenery_memory,1,0,0,1
TS39,mov46,-0.065177601,0.060743851,scenery_memory,1,1,0,0
TS39,mov47,-0.116838717,0.179466334,scenery_memory,1,1,0,0
TS39,mov48,-0.063645487,0.263371817,scenery_memory,1,0,1,0
TS39,mov5,-0.159801908,0.556243114,event_memory,1,1,1,0
TS39,mov50,-0.074371511,0.147136929,event_memory,1,1,1,1
TS39,mov51,-0.24632211,-0.142789813,event_memory,1,1,1,1
TS39,mov52,-0.052572755,0.287472801,scenery_memory,1,1,0,0
TS39,mov53,-0.170528702,0.333070812,scenery_memory,1,0,0,0
TS39,mov54,-0.082370717,0.17077383,event_memory,1,1,1,0
TS39,mov56,-0.038161001,0.105383351,event_memory,1,1,1,1
TS39,mov57,-0.097714904,0.203147521,scenery_memory,1,1,0,1
TS39,mov58,-0.121475053,0.10809984,scenery_memory,1,1,0,0
TS39,mov59,-0.064704794,-0.144225786,scenery_memory,1,0,1,1
TS39,mov6,-0.061937668,-0.012124362,scenery_memory,1,1,0,0
TS39,mov60,0.012114797,0.115111205,scenery_memory,1,0,0,1
TS39,mov8,-0.077386181,-0.052831062,scenery_memory,1,1,0,1
TS39,mov9,-0.128365246,0.190890799,scenery_memory,1,0,0,1
TW82,mov1,-0.035013167,-0.008921278,no_memory,0,0,1,0
TW82,mov10,-0.017666917,-0.085073157,no_memory,0,0,0,0
TW82,mov11,-0.103493485,0.10025409,scenery_memory,1,0,0,0
TW82,mov12,-0.062669461,-0.175795937,no_memory,0,1,0,0
TW82,mov13,0.007154122,0.021412828,no_memory,0,1,1,0
TW82,mov14,-0.058571827,0.315943764,event_memory,1,1,1,1
TW82,mov16,-0.160655703,-0.060228893,no_memory,0,1,1,1
TW82,mov19,-0.05782902,0.026777247,scenery_memory,1,0,0,1
TW82,mov20,-0.088332215,0.127526654,event_memory,1,1,1,1
TW82,mov22,-0.088076873,-0.150304981,scenery_memory,1,1,0,1
TW82,mov24,0.064177216,0.062796594,no_memory,0,1,0,0
TW82,mov25,-0.130028819,0.221732336,no_memory,0,1,0,1
TW82,mov26,-0.042923005,-0.135661227,scenery_memory,1,1,0,1
TW82,mov27,-0.085157707,0.3818356,event_memory,1,1,1,1
TW82,mov29,-0.076689023,0.119859615,scenery_memory,1,0,1,1
TW82,mov3,-0.114166557,0.266838754,scenery_memory,1,1,0,0
TW82,mov30,-0.072418517,-0.119210341,event_memory,1,1,1,1
TW82,mov31,-0.056234466,0.119260934,event_memory,1,1,1,0
TW82,mov33,-0.047472983,-0.010766223,no_memory,0,1,1,0
TW82,mov35,-0.068655076,0.13782095,event_memory,1,1,1,0
TW82,mov36,-0.060508362,0.535685201,event_memory,1,1,1,0
TW82,mov37,-0.047070005,0.305259415,scenery_memory,1,1,0,1
TW82,mov38,-0.020084855,0.090879487,scenery_memory,1,1,0,1
TW82,mov39,-0.031732948,0.161628931,no_memory,0,1,0,1
TW82,mov4,-0.076492556,0.360872536,no_memory,0,0,0,0
TW82,mov40,-0.082262407,0.049608563,no_memory,0,1,1,1
TW82,mov41,-0.020360689,-0.085868469,no_memory,0,1,0,0
TW82,mov42,-0.045221566,0.066907441,event_memory,1,1,1,0
TW82,mov43,-0.094286862,-0.377553807,scenery_memory,1,1,0,1
TW82,mov44,-0.11259343,0.054086149,event_memory,1,1,1,0
TW82,mov45,-0.09813849,0.432650067,no_memory,0,0,0,1
TW82,mov46,-0.034472173,0.298781752,scenery_memory,1,0,0,1
TW82,mov47,0.011702352,0.223186924,event_memory,1,1,1,0
TW82,mov48,-0.03222143,0.127067852,scenery_memory,1,0,0,1
TW82,mov5,-0.037247674,-0.138532467,no_memory,0,0,0,0
TW82,mov50,-0.046905736,0.454337355,event_memory,1,1,1,1
TW82,mov51,-0.071426893,0.0775079,no_memory,0,0,0,1
TW82,mov52,-0.031353002,0.024960193,no_memory,0,0,1,1
TW82,mov53,-0.036588274,0.210201499,scenery_memory,1,1,0,0
TW82,mov54,-0.055579118,0.059664291,event_memory,1,1,1,0
TW82,mov56,-0.002099029,0.194602262,no_memory,0,0,1,1
TW82,mov57,-0.136543612,-0.158585334,event_memory,1,1,1,1
TW82,mov58,-0.090505467,0.181679613,scenery_memory,1,1,0,1
TW82,mov59,-0.071960426,-0.285767043,event_memory,1,1,1,1
TW82,mov6,-0.056699217,-0.0335492,scenery_memory,1,0,0,0
TW82,mov60,0.000355062,-0.132502104,no_memory,0,1,0,0
TW82,mov8,-0.015236259,0.055884286,scenery_memory,1,1,0,1
TW82,mov9,-0.088668146,0.108775351,scenery_memory,1,0,0,1
UD25,mov1,-0.051755341,0.125045068,event_memory,1,1,1,1
UD25,mov10,-0.082683843,0.083998905,event_memory,1,1,1,1
UD25,mov11,-0.031800991,0.034883666,scenery_memory,1,0,1,1
UD25,mov12,-0.098496474,0.002953649,scenery_memory,1,0,0,0
UD25,mov13,-0.039181429,0.250524037,scenery_memory,1,1,0,1
UD25,mov14,-0.09310651,0.069823828,event_memory,1,1,1,1
UD25,mov16,-0.091726967,-0.089061009,event_memory,1,1,1,1
UD25,mov19,-0.083647469,0.12130411,scenery_memory,1,0,1,0
UD25,mov20,-0.061477846,-0.087038727,scenery_memory,1,1,0,0
UD25,mov22,-0.029170392,-0.009690951,no_memory,0,1,1,1
UD25,mov24,-0.055751904,-0.043342878,scenery_memory,1,1,0,1
UD25,mov25,-0.152705139,0.178479291,event_memory,1,1,1,0
UD25,mov26,-0.087677203,-0.140067288,scenery_memory,1,1,0,1
UD25,mov27,-0.14318456,0.518805136,event_memory,1,1,1,0
UD25,mov29,-0.125917149,0.093063704,event_memory,1,1,1,1
UD25,mov3,-0.074529249,0.137098492,scenery_memory,1,0,0,0
UD25,mov30,-0.017242314,0.039202834,no_memory,0,1,0,1
UD25,mov31,0.031218613,0.047205988,event_memory,1,1,1,1
UD25,mov33,-0.143964581,-0.109420312,scenery_memory,1,0,0,1
UD25,mov35,-0.085648515,-0.206353154,event_memory,1,1,1,1
UD25,mov36,-0.304327344,0.320081222,event_memory,1,1,1,0
UD25,mov37,0.038902607,0.288103912,scenery_memory,1,0,1,1
UD25,mov38,-0.111684549,-0.0549059,event_memory,1,1,1,0
UD25,mov39,-0.127912059,0.454886921,scenery_memory,1,1,0,0
UD25,mov4,-0.118551385,-0.049530997,event_memory,1,1,1,1
UD25,mov40,-0.064361117,-0.078000889,event_memory,1,1,1,0
UD25,mov41,-0.021939626,0.322333838,event_memory,1,1,1,0
UD25,mov42,-0.050096662,0.131767597,event_memory,1,1,1,1
UD25,mov43,-0.053431377,0.01992342,scenery_memory,1,0,0,1
UD25,mov44,-0.101848001,-0.191294662,event_memory,1,1,1,0
UD25,mov45,-0.083971119,0.106618618,event_memory,1,1,1,0
UD25,mov46,-0.062429125,0.021372954,event_memory,1,1,1,0
UD25,mov47,0.010024586,0.230676816,event_memory,1,1,1,1
UD25,mov48,-0.047107945,-0.095640944,event_memory,1,1,1,0
UD25,mov5,-0.186345177,0.444394672,event_memory,1,1,1,0
UD25,mov50,-0.04689601,0.069430501,scenery_memory,1,1,0,0
UD25,mov51,0.100058168,0.058020943,no_memory,0,1,1,0
UD25,mov52,-0.038645613,0.561898104,event_memory,1,1,1,0
UD25,mov53,-0.003092694,0.196610493,event_memory,1,1,1,1
UD25,mov54,-0.098362056,0.133380455,event_memory,1,1,1,1
UD25,mov56,0.018011566,0.161841984,event_memory,1,1,1,0
UD25,mov57,-0.079606154,0.196558791,scenery_memory,1,0,0,1
UD25,mov58,-0.087251503,0.272230202,scenery_memory,1,1,0,0
UD25,mov59,-0.033098656,0.164287089,scenery_memory,1,0,1,0
UD25,mov6,-0.159299426,0.113848191,scenery_memory,1,1,0,1
UD25,mov60,-0.147747293,-0.107025432,no_memory,0,0,0,1
UD25,mov8,-0.118843489,0.044896753,scenery_memory,1,1,0,0
UD25,mov9,-0.052018083,0.191837646,scenery_memory,1,0,0,1
YG31,mov1,-0.044762416,-0.01753885,scenery_memory,1,0,0,0
YG31,mov10,-0.033227837,-0.053320134,scenery_memory,1,0,0,0
YG31,mov11,-0.152145374,0.025138287,scenery_memory,1,0,0,0
YG31,mov12,-0.160400741,0.046403963,scenery_memory,1,0,1,0
YG31,mov13,-0.110868042,0.030929609,scenery_memory,1,1,0,0
YG31,mov14,-0.086992111,0.374236121,scenery_memory,1,0,1,0
YG31,mov16,-0.063037814,-0.014588335,event_memory,1,1,1,1
YG31,mov19,-0.059244036,0.00910092,scenery_memory,1,1,0,0
YG31,mov20,-0.049741361,-0.073442012,scenery_memory,1,0,0,1
YG31,mov22,-0.019470511,0.038628066,scenery_memory,1,0,0,1
YG31,mov24,-0.106866329,-0.073685722,event_memory,1,1,1,0
YG31,mov25,-0.151299415,-0.151008642,no_memory,0,0,0,1
YG31,mov26,-0.145245697,-0.05402941,scenery_memory,1,0,0,0
YG31,mov27,-0.205790512,0.194223222,no_memory,0,1,1,0
YG31,mov29,-0.165621355,-0.095907755,no_memory,0,0,0,0
YG31,mov3,-0.15957689,-0.226270735,scenery_memory,1,1,0,1
YG31,mov30,-0.165582358,-0.099427003,scenery_memory,1,0,0,1
YG31,mov31,-0.185380097,0.002492341,no_memory,0,0,1,1
YG31,mov33,-0.092825309,0.187387537,scenery_memory,1,0,0,0
YG31,mov35,-0.129850435,-0.23912171,scenery_memory,1,1,0,0
YG31,mov36,-0.142997185,0.115516644,no_memory,0,1,0,1
YG31,mov37,-0.110697693,-0.041736127,scenery_memory,1,1,0,0
YG31,mov38,-0.172127246,0.132072253,scenery_memory,1,1,0,1
YG31,mov39,-0.10731318,0.161629675,scenery_memory,1,1,0,0
YG31,mov4,-0.113395729,0.034954538,scenery_memory,1,0,0,0
YG31,mov40,-0.223234821,0.032264757,scenery_memory,1,1,0,0
YG31,mov41,-0.004896562,-0.090356728,no_memory,0,1,1,0
YG31,mov42,-0.219573698,0.252392543,event_memory,1,1,1,1
YG31,mov43,-0.098599094,-0.196722209,scenery_memory,1,0,1,1
YG31,mov44,-0.119164036,0.125791658,scenery_memory,1,1,0,1
YG31,mov45,-0.051583886,0.191137597,scenery_memory,1,0,0,1
YG31,mov46,-0.055379934,-0.014933233,scenery_memory,1,1,0,1
YG31,mov47,-0.029848896,0.018707636,no_memory,0,1,1,1
YG31,mov48,-0.246445036,0.048710584,no_memory,0,1,0,1
YG31,mov5,-0.045639658,0.026846856,scenery_memory,1,1,0,0
YG31,mov50,-0.122876059,-0.052608325,event_memory,1,1,1,0
YG31,mov51,-0.13602559,0.032022139,scenery_memory,1,0,0,1
YG31,mov52,-0.011726289,0.152511934,scenery_memory,1,0,0,1
YG31,mov53,-0.13204696,0.037839349,scenery_memory,1,1,0,0
YG31,mov54,-0.133581174,0.040381629,scenery_memory,1,1,0,0
YG31,mov56,-0.106399622,0.212374198,scenery_memory,1,1,0,1
YG31,mov57,-0.120085694,-0.029091303,scenery_memory,1,0,0,0
YG31,mov58,-0.073714397,-0.370183389,scenery_memory,1,1,0,1
YG31,mov59,-0.085551388,-0.013735937,scenery_memory,1,1,0,1
YG31,mov6,-0.045597981,0.186029331,scenery_memory,1,0,1,1
YG31,mov60,-0.171202285,-0.215180278,scenery_memory,1,0,0,1
YG31,mov8,-0.152740718,-0.162443562,scenery_memory,1,1,0,0
YG31,mov9,-0.174510814,0.125286284,scenery_memory,1,0,0,0
YT92,mov1,-0.111334873,0.108234056,scenery_memory,1,0,1,1
YT92,mov10,-0.07695138,0.568272257,event_memory,1,1,1,1
YT92,mov11,-0.096195696,0.111521021,event_memory,1,1,1,0
YT92,mov12,-0.053360004,0.02097146,event_memory,1,1,1,1
YT92,mov13,-0.071505191,0.092287759,no_memory,0,1,1,0
YT92,mov14,-0.045818031,0.04372656,scenery_memory,1,0,0,0
YT92,mov16,-0.147993386,0.183721415,event_memory,1,1,1,1
YT92,mov19,-0.081979489,-0.004691831,scenery_memory,1,0,1,0
YT92,mov20,-0.0763969,0.113797374,scenery_memory,1,1,0,0
YT92,mov22,-0.078379676,0.140488135,scenery_memory,1,1,0,1
YT92,mov24,-0.124582621,0.018891381,event_memory,1,1,1,0
YT92,mov25,-0.15662016,0.4913547,event_memory,1,1,1,1
YT92,mov26,-0.037184966,-0.031773465,no_memory,0,1,0,1
YT92,mov27,-0.217038705,0.160238582,event_memory,1,1,1,1
YT92,mov29,-0.108034878,0.059056486,event_memory,1,1,1,1
YT92,mov3,-0.132085827,-0.078677936,scenery_memory,1,0,1,1
YT92,mov30,-0.052097619,0.002427559,no_memory,0,1,1,0
YT92,mov31,-0.233943704,-0.066989189,event_memory,1,1,1,1
YT92,mov33,-0.164095671,0.240838164,no_memory,0,1,1,0
YT92,mov35,-0.047118214,-0.050004621,scenery_memory,1,0,0,1
YT92,mov36,-0.066709906,-0.073685701,event_memory,1,1,1,0
YT92,mov37,-0.155376526,0.110982757,event_memory,1,1,1,1
YT92,mov38,-0.096694468,-0.069198269,scenery_memory,1,0,0,1
YT92,mov39,-0.135515539,0.369451467,scenery_memory,1,1,0,1
YT92,mov4,-0.168720683,0.422472488,scenery_memory,1,1,0,1
YT92,mov40,-0.033582035,0.088124638,event_memory,1,1,1,1
YT92,mov41,-0.06879496,-0.132202346,no_memory,0,0,1,0
YT92,mov42,-0.148828598,0.147887706,event_memory,1,1,1,0
YT92,mov43,-0.056338466,0.477732773,scenery_memory,1,1,0,1
YT92,mov44,-0.051786223,0.11449064,event_memory,1,1,1,1
YT92,mov46,-0.095045594,-0.155881173,event_memory,1,1,1,1
YT92,mov47,-0.11179907,0.000205252,event_memory,1,1,1,1
YT92,mov48,-0.066827151,-0.004387169,event_memory,1,1,1,0
YT92,mov5,-0.134148698,0.27136527,scenery_memory,1,0,0,0
YT92,mov50,-0.133455208,0.202163275,no_memory,0,1,0,1
YT92,mov51,-0.132342111,0.128343626,scenery_memory,1,1,0,1
YT92,mov52,-0.110223357,0.763128291,event_memory,1,1,1,1
YT92,mov53,-0.116647738,0.035957542,no_memory,0,1,1,1
YT92,mov54,-0.125160697,0.17322846,event_memory,1,1,1,1
YT92,mov56,-0.106496455,0.177171715,no_memory,0,0,1,0
YT92,mov57,-0.053102876,0.449433558,event_memory,1,1,1,1
YT92,mov58,-0.053393015,0.001920932,no_memory,0,0,0,0
YT92,mov59,-0.021030346,0.031253251,scenery_memory,1,0,1,0
YT92,mov6,-0.116448955,0.016865212,scenery_memory,1,1,0,0
YT92,mov60,-0.012913661,-0.00213561,scenery_memory,1,1,0,0
YT92,mov8,-0.093094867,0.275577357,scenery_memory,1,1,0,1
YT92,mov9,-0.111439535,0.430785258,scenery_memory,1,0,1,1
ZF67,mov1,0.017728172,0.016398753,no_memory,0,0,0,0
ZF67,mov10,0.007914485,0.143964805,scenery_memory,1,0,0,0
ZF67,mov11,-0.012790707,-0.122621936,event_memory,1,1,1,1
ZF67,mov12,0.040539265,0.221834104,scenery_memory,1,0,1,0
ZF67,mov13,-0.009100713,0.205003957,scenery_memory,1,1,0,1
ZF67,mov14,-0.01270713,0.146242266,scenery_memory,1,1,0,0
ZF67,mov16,0.027628739,0.119126613,no_memory,0,1,1,1
ZF67,mov19,-0.090247132,-0.054971579,scenery_memory,1,0,0,0
ZF67,mov20,0.040589372,-0.202854959,scenery_memory,1,0,0,0
ZF67,mov22,0.092898315,0.01406562,scenery_memory,1,0,0,1
ZF67,mov24,-0.198908808,-0.065794022,scenery_memory,1,0,0,0
ZF67,mov25,0.03947209,-0.141907611,no_memory,0,0,0,1
ZF67,mov26,0.108914975,-0.033834393,no_memory,0,1,0,1
ZF67,mov27,-0.026986096,0.144613845,scenery_memory,1,0,1,1
ZF67,mov29,-0.085959478,0.00942002,scenery_memory,1,1,0,1
ZF67,mov3,-0.002717917,-0.142236427,scenery_memory,1,0,0,0
ZF67,mov30,0.085145106,0.067865679,no_memory,0,1,1,0
ZF67,mov31,-0.032874636,0.100301045,scenery_memory,1,0,0,1
ZF67,mov33,0.060493069,-0.222226789,event_memory,1,1,1,1
ZF67,mov35,0.133367511,-0.094593446,no_memory,0,1,0,0
ZF67,mov36,0.066748703,-0.157313084,scenery_memory,1,1,0,0
ZF67,mov37,-0.097559107,0.080875427,scenery_memory,1,1,0,0
ZF67,mov38,0.049617132,0.105575161,event_memory,1,1,1,1
ZF67,mov39,0.031227291,0.13543315,scenery_memory,1,1,0,1
ZF67,mov4,-0.059489401,0.159190399,no_memory,0,0,0,0
ZF67,mov40,0.105273043,0.202072236,scenery_memory,1,0,1,0
ZF67,mov41,0.019398182,0.035965223,scenery_memory,1,0,0,0
ZF67,mov42,-0.062758247,-0.107106592,event_memory,1,1,1,0
ZF67,mov43,-0.109642571,0.138873272,no_memory,0,0,0,1
ZF67,mov44,-0.033501282,-0.136214107,scenery_memory,1,0,0,0
ZF67,mov45,-0.145678977,-0.088306657,scenery_memory,1,0,0,1
ZF67,mov46,0.083929791,-0.24104957,scenery_memory,1,1,0,0
ZF67,mov47,-0.029005437,0.066080741,event_memory,1,1,1,1
ZF67,mov48,-0.073384472,0.110811871,scenery_memory,1,0,0,0
ZF67,mov5,-0.014098262,-0.039190348,scenery_memory,1,1,0,1
ZF67,mov50,0.124274207,0.155128503,scenery_memory,1,1,0,1
ZF67,mov51,0.139991035,-0.183770091,no_memory,0,0,0,0
ZF67,mov52,0.121060172,0.38869078,scenery_memory,1,0,0,0
ZF67,mov53,-0.045196508,0.062428505,scenery_memory,1,0,0,1
ZF67,mov54,0.160826062,-0.039282305,scenery_memory,1,0,0,1
ZF67,mov56,0.11582567,-0.01779452,no_memory,0,1,1,1
ZF67,mov57,0.022802227,0.029031201,event_memory,1,1,1,0
ZF67,mov58,0.005838851,-0.004053525,scenery_memory,1,0,0,0
ZF67,mov59,0.03386707,-0.310467592,scenery_memory,1,0,1,0
ZF67,mov6,0.158758961,0.036827936,scenery_memory,1,0,0,0
ZF67,mov60,0.100828977,-0.033642707,scenery_memory,1,1,0,0
ZF67,mov8,0.008172907,-0.189840264,scenery_memory,1,1,0,1
ZF67,mov9,-0.1364043,0.197811225,scenery_memory,1,0,0,0
